exp_id,description,tier,pair_recall,cand_mean,cand_p95,runtime_s,decision,notes
20260927_043056_block_exact_name_sorted,exact key name_sorted,screen,0.46504,4.3917,17.0,0.5,,
20260927_043056_block_exact_name_skel,exact key name_skel,screen,0.46578,4.90602,20.0,0.4,,
20260927_043057_block_exact_name_nospace,exact key name_nospace,screen,0.46369,4.3164,17.0,0.9,,
20260927_043057_block_exact_addr_sorted,exact key addr_sorted,screen,0.35932,1.5313,5.0,0.5,,
20260927_043058_block_exact_addr_nums_region,exact key addr_nums_region,screen,0.36213,6.5441,34.0,4.9,,
20260927_052130_block_tfidf_name_char3_k5,tfidf name_char3 top5,screen,0.45526,5.0,5.0,0.1,,
20260927_052131_block_tfidf_name_char3_k10,tfidf name_char3 top10,screen,0.54564,10.0,10.0,0.0,,
20260927_052131_block_tfidf_name_char3_k20,tfidf name_char3 top20,screen,0.6094,20.0,20.0,0.0,,
20260927_052131_block_tfidf_name_char3_k50,tfidf name_char3 top50,screen,0.67774,50.0,50.0,0.2,,
20260927_052409_block_tfidf_nameaddr_word_k5,tfidf nameaddr_word top5,screen,0.82927,5.0,5.0,0.0,,
20260927_052409_block_tfidf_nameaddr_word_k10,tfidf nameaddr_word top10,screen,0.91853,10.0,10.0,0.0,,
20260927_052409_block_tfidf_nameaddr_word_k20,tfidf nameaddr_word top20,screen,0.94031,20.0,20.0,0.0,,
20260927_052409_block_tfidf_nameaddr_word_k50,tfidf nameaddr_word top50,screen,0.95727,50.0,50.0,0.1,,
20260927_060828_block_rev_nameaddr_word_r1_f0,reverse top1 U forward top0 (nameaddr_word),screen,0.93734,4.67332,8.0,0.1,,
20260927_060829_block_rev_nameaddr_word_r1_f10,reverse top1 U forward top10 (nameaddr_word),screen,0.96343,10.521,12.0,0.0,,
20260927_060830_block_rev_nameaddr_word_r1_f20,reverse top1 U forward top20 (nameaddr_word),screen,0.96969,20.38702,22.0,0.1,,
20260927_060831_block_rev_nameaddr_word_r2_f0,reverse top2 U forward top0 (nameaddr_word),screen,0.9527,9.30006,22.0,0.1,,
20260927_060832_block_rev_nameaddr_word_r2_f10,reverse top2 U forward top10 (nameaddr_word),screen,0.96967,14.1232,25.0,0.1,,
20260927_060833_block_rev_nameaddr_word_r2_f20,reverse top2 U forward top20 (nameaddr_word),screen,0.97447,23.24,32.0,0.1,,
20260927_060835_block_rev_nameaddr_word_r3_f0,reverse top3 U forward top0 (nameaddr_word),screen,0.95981,13.9895,36.0,0.1,,
20260927_060837_block_rev_nameaddr_word_r3_f10,reverse top3 U forward top10 (nameaddr_word),screen,0.97282,18.27092,38.0,0.1,,
20260927_060837_block_rev_nameaddr_word_r3_f20,reverse top3 U forward top20 (nameaddr_word),screen,0.97691,26.755,44.0,0.1,,
20260927_060841_block_rev_nameaddr_word_r5_f0,reverse top5 U forward top0 (nameaddr_word),screen,0.96686,23.50746,66.0,0.1,,
20260927_060844_block_rev_nameaddr_word_r5_f10,reverse top5 U forward top10 (nameaddr_word),screen,0.97617,27.19182,67.0,0.2,,
20260927_060850_block_rev_nameaddr_word_r5_f20,reverse top5 U forward top20 (nameaddr_word),screen,0.97953,34.77602,72.0,0.1,,
20260927_064326_block_rev_nameaddr_v3_r1,reverse top1 nameaddr (norm v3),screen,0.9464,4.67,8.0,0.0,keep,"v3 norm (+domain segmentation, FR abbr) vs v1: r1 0.9373->0.9464"
20260927_064326_block_rev_nameaddr_v3_r2,reverse top2 nameaddr (norm v3),screen,0.959,9.28,22.0,0.0,keep,"v3 norm (+domain segmentation, FR abbr) vs v1: r1 0.9373->0.9464"
20260927_064326_block_rev_nameaddr_v3_r3,reverse top3 nameaddr (norm v3),screen,0.9648,13.95,36.0,0.0,keep,"v3 norm (+domain segmentation, FR abbr) vs v1: r1 0.9373->0.9464"
20260927_064326_block_rev_nameaddr_v3_r5,reverse top5 nameaddr (norm v3),screen,0.9706,23.45,65.0,0.0,,"v3 norm (+domain segmentation, FR abbr) vs v1: r1 0.9373->0.9464"
20260927_085423_block_union_all,union of all 7 blockers,screen,0.98562,60.5634,129.0,0.0,,
20260927_085423_block_union_minus_rev_nameaddr,union without rev_nameaddr,screen,0.97669,50.50276,89.0,0.0,,
20260927_085423_block_union_minus_rev_addr,union without rev_addr,screen,0.98527,55.0091,110.0,0.0,,
20260927_085423_block_union_minus_rev_name,union without rev_name,screen,0.98536,53.8719,103.0,0.0,,
20260927_085423_block_union_minus_fwd_nameaddr,union without fwd_nameaddr,screen,0.97733,42.63526,119.0,0.0,,
20260927_085423_block_union_minus_fwd_addr,union without fwd_addr,screen,0.98515,57.61438,127.0,0.0,,
20260927_085423_block_union_minus_exact_name_sorted,union without exact_name_sorted,screen,0.98552,59.91108,129.0,0.0,,
20260927_085423_block_union_minus_exact_addr_sorted,union without exact_addr_sorted,screen,0.98562,60.55548,129.0,0.0,,
20260927_085442_block_pruned_top5,union pruned to top5,screen,0.90564,5.0,5.0,0.0,,
20260927_085442_block_pruned_top8,union pruned to top8,screen,0.97529,8.0,8.0,0.0,,
20260927_085442_block_pruned_top10,union pruned to top10,screen,0.9802,10.0,10.0,0.0,,
20260927_085442_block_pruned_top12,union pruned to top12,screen,0.98193,12.0,12.0,0.0,,
20260927_085442_block_pruned_top15,union pruned to top15,screen,0.98338,15.0,15.0,0.0,,
20260927_085442_block_pruned_top20,union pruned to top20,screen,0.98444,20.0,20.0,0.0,,
20260927_085442_block_pruned_top25,union pruned to top25,screen,0.98502,25.0,25.0,0.0,,
20260927_085442_block_pruned_top30,union pruned to top30,screen,0.98524,30.0,30.0,0.0,,
20260927_085442_block_pruned_top40,union pruned to top40,screen,0.9854,38.57606,40.0,0.0,,
20260927_090014_block_final_v1_top12,final candidate set (union pruned top12),fold0,0.98162,12.0,12.0,0.3,,
