tau,excl,rule,min_p,extra_mass,thr,mean,std,min,single,nonsingle,d_vs_default,d_std,n_better,cand_per_s1,cand_recall,cand_recall_rel,folds
0.0,global,expF,0.5,0.0,,0.9710167669359695,0.00008178841939679339,0.9709540494987001,0.9565006846802352,0.9718745861865363,0.000032621868734983295,0.00007324389494380484,2,12.0,0.9817211247486353,1.0,folds1-4
0.0,global,expF,0.5,0.2,,0.9710166166041281,0.00007256330667942336,0.9709616223661994,0.9565006846802352,0.9718744273106694,0.00003247153689353577,0.00006461510699185918,2,12.0,0.9817211247486353,1.0,folds1-4
0.01,global,expF,0.5,0.0,,0.9710157280813794,0.00008045156943396846,0.9709544370107164,0.9565006846802352,0.9718734859060062,0.00003158301414490916,0.0000722224240505109,2,4.649799825087682,0.979826222949004,0.9980698096202909,folds1-4
0.01,global,expF,0.5,0.2,,0.9710156887978816,0.00007067854016325458,0.970962911741169,0.9565006846802352,0.9718734448600227,0.000031543730647121127,0.00006283291971928566,2,4.649799825087682,0.979826222949004,0.9980698096202909,folds1-4
0.03,global,expF,0.5,0.2,,0.9710119261398962,0.00007375720958846502,0.9709579003328667,0.9565006846802352,0.9718694597830001,0.000027781072661631212,0.00006593971254919058,2,4.020963988907115,0.9763576827338488,0.9945366904028251,folds1-4
0.03,global,expF,0.5,0.0,,0.9710115190904905,0.00008160539237626181,0.9709519573560291,0.9565006846802352,0.971869027875345,0.00002737402325606042,0.00007461623559158612,2,4.020963988907115,0.9763576827338488,0.9945366904028251,folds1-4
0.0,global,expF,0.6,0.0,,0.9710083914607883,0.00004556781098680531,0.9709495748975773,0.9674725088808733,0.9712172194145077,0.000024246393553778445,7.4822341369299815e-6,4,12.0,0.9817211247486353,1.0,folds1-4
0.0,global,expF,0.6,0.2,,0.9710075014241306,0.000042960713334437365,0.9709555735424513,0.9674725088808733,0.9712162770092483,0.000023356356896153674,6.242544636899187e-6,4,12.0,0.9817211247486353,1.0,folds1-4
0.01,global,expF,0.6,0.0,,0.9710073526061982,0.00004470041195439604,0.9709499624095936,0.9674725088808733,0.9712161191339773,0.0000232075389636488,6.78131039550815e-6,4,4.649799825087682,0.979826222949004,0.9980698096202909,folds1-4
0.01,global,expF,0.6,0.2,,0.9710065736178843,0.00004279989012852671,0.9709568629174211,0.9674725088808733,0.9712152945586017,0.000022428550649766787,8.247317981549438e-6,4,4.649799825087682,0.979826222949004,0.9980698096202909,folds1-4
0.03,global,expF,0.6,0.0,,0.9710033590508004,0.00004356586704959155,0.9709474827549063,0.9674725088808733,0.9712118893128032,0.000019213983565857795,9.455711049110411e-6,4,4.020963988907115,0.9763576827338488,0.9945366904028251,folds1-4
0.03,global,expF,0.6,0.2,,0.9710028109598987,0.0000430047736668378,0.9709518515091184,0.9674725088808733,0.971211309481579,0.000018665892664138095,6.402982191351858e-6,4,4.020963988907115,0.9763576827338488,0.9945366904028251,folds1-4
0.0,fold,expF,0.5,0.0,,0.9709951440254491,0.00008332194438091579,0.9709349135049666,0.9563485271892269,0.9718606832584611,0.000010998958214519794,0.00007710150933307765,2,12.0,0.9817211247486353,1.0,folds1-4
0.01,fold,expF,0.5,0.0,,0.970993801327271,0.00008241516766880948,0.9709347698288303,0.9563485271892269,0.9718592609706799,9.656260036489117e-6,0.0000768849709812288,2,4.649799825087682,0.979826222949004,0.9980698096202909,folds1-4
0.03,fold,expF,0.5,0.0,,0.9709932865077998,0.00008210717739086693,0.9709373754120108,0.9563485271892269,0.9718587151840814,9.14144056532451e-6,0.00007857661848848605,2,4.020963988907115,0.9763576827338488,0.9945366904028251,folds1-4
0.0,fold,expF,0.5,0.2,,0.9709920093193082,0.0000741180282573655,0.9709385327355545,0.9563485271892269,0.9718573640921637,7.864252073636058e-6,0.00006733387170091337,2,12.0,0.9817211247486353,1.0,folds1-4
0.01,fold,expF,0.5,0.2,,0.9709911681456489,0.00007233318211425593,0.970938654075111,0.9563485271892269,0.9718564733096619,7.023078414325479e-6,0.00006637564147151901,2,4.649799825087682,0.979826222949004,0.9980698096202909,folds1-4
0.03,fold,expF,0.5,0.2,,0.9709900246152828,0.00007262898265733012,0.9709386991726671,0.9563485271892269,0.9718552618084636,5.879548048315364e-6,0.00006777377344370545,2,4.020963988907115,0.9763576827338488,0.9945366904028251,folds1-4
0.0,fold,expF,0.6,0.0,,0.9709879067148606,0.00004965721997819456,0.9709211864634913,0.967442051615086,0.9711973231335209,3.761647625999398e-6,0.000011454947153528782,2,12.0,0.9817211247486353,1.0,folds1-4
0.0,global,expF,0.5,0.4,,0.9709876337794061,0.00007532594525994295,0.9709259929494369,0.9565006846802352,0.9718437328508517,3.4887121715954095e-6,0.00006122334707330356,2,12.0,0.9817211247486353,1.0,folds1-4
0.01,fold,expF,0.6,0.0,,0.9709865640166826,0.00004843123390825772,0.9709210427873551,0.967442051615086,0.9711959008457398,2.4189494480242324e-6,0.000011309434605025341,2,4.649799825087682,0.979826222949004,0.9980698096202909,folds1-4
0.01,global,expF,0.5,0.4,,0.9709862720121631,0.00007637955365183917,0.9709230320867889,0.9565006846802352,0.9718422906890306,2.1269449286820397e-6,0.000061644318809205,1,4.649799825087682,0.979826222949004,0.9980698096202909,folds1-4
0.03,fold,expF,0.6,0.0,,0.9709861436015278,0.0000456939972390523,0.9709236483705357,0.967442051615086,0.9711954550429839,1.9985342932793415e-6,0.000013445730205186966,2,4.020963988907115,0.9763576827338488,0.9945366904028251,folds1-4
0.03,none,expF,0.5,0.0,,0.970985546614812,0.00008524835769980708,0.9709227130877075,0.9562977198399712,0.9718535171880374,1.4015475774398212e-6,0.00007950289976264956,1,4.020963988907115,0.9763576827338488,0.9945366904028251,folds1-4
0.01,none,expF,0.5,0.0,,0.9709849696863837,0.0000876711276380333,0.9709183474738164,0.9562977198399712,0.9718529067694388,8.246191492422561e-7,0.00007989893216852122,1,4.649799825087682,0.979826222949004,0.9980698096202909,folds1-4
0.0,none,expF,0.5,0.0,,0.9709844329741633,0.00008779720058458216,0.9709146136310646,0.9562977198399712,0.9718523384435994,2.87906928686521e-7,0.0000787627372126946,1,12.0,0.9817211247486353,1.0,folds1-4
0.0,fold,expF,0.6,0.2,,0.9709841450672345,0.00004800150521020736,0.9709236728422838,0.967442051615086,0.9711933398884536,0.0,0.0,0,12.0,0.9817211247486353,1.0,folds1-4
0.01,fold,expF,0.6,0.2,,0.9709833038935751,0.00004666861210553147,0.9709262676018086,0.967442051615086,0.9711924491059517,-8.411736593938457e-7,2.6614345572606667e-6,1,4.649799825087682,0.979826222949004,0.9980698096202909,folds1-4
0.03,global,expF,0.5,0.4,,0.9709827041309951,0.0000773715354556657,0.970919842684935,0.9565006846802352,0.9718385120684567,-1.440936239466284e-6,0.0000626795169321692,1,4.020963988907115,0.9763576827338488,0.9945366904028251,folds1-4
0.03,fold,expF,0.6,0.2,,0.9709821603632092,0.00004511008796218919,0.970925800489934,0.967442051615086,0.9711912376047535,-1.9847040253484494e-6,2.95340701423479e-6,1,4.020963988907115,0.9763576827338488,0.9945366904028251,folds1-4
0.03,none,expF,0.5,0.2,,0.9709811100063641,0.00007841551004501675,0.9709207445886034,0.9562977198399712,0.9718488198725325,-3.0350608704599047e-6,0.0000694940794096747,1,4.020963988907115,0.9763576827338488,0.9945366904028251,folds1-4
0.01,none,expF,0.5,0.2,,0.9709808677691161,0.00007996540209474784,0.9709200991845378,0.9562977198399712,0.9718485639058569,-3.2772981184703287e-6,0.00006997387315646605,1,4.649799825087682,0.979826222949004,0.9980698096202909,folds1-4
0.03,none,expF,0.6,0.0,,0.9709800870478424,0.000044747355715303144,0.9709180488605988,0.967442051615086,0.9711890402403178,-4.058019392016998e-6,0.000012701566997692073,2,4.020963988907115,0.9763576827338488,0.9945366904028251,folds1-4
0.0,none,expF,0.5,0.2,,0.9709796302922653,0.00008074529679991059,0.9709160853262824,0.9562977198399712,0.9718472530472438,-4.514774969266444e-6,0.00007032464452718351,1,12.0,0.9817211247486353,1.0,folds1-4
0.01,none,expF,0.6,0.0,,0.9709794157150979,0.00004828384071457665,0.9709136832467076,0.967442051615086,0.9711883298378765,-4.729352136578768e-6,0.000011732327315755919,1,4.649799825087682,0.979826222949004,0.9980698096202909,folds1-4
0.0,none,expF,0.6,0.0,,0.9709788790028775,0.000050269263409559365,0.9709099494039559,0.967442051615086,0.9711877615120372,-5.266064357023481e-6,0.00001144223213581831,1,12.0,0.9817211247486353,1.0,folds1-4
0.0,global,expF,0.6,0.4,,0.9709780184813044,0.00005274416456705489,0.9709189686144203,0.9674725088808733,0.9711850529252009,-6.126585930105177e-6,9.813448147414475e-6,1,12.0,0.9817211247486353,1.0,folds1-4
0.01,global,expF,0.6,0.4,,0.9709766567140615,0.000053787761164559827,0.9709160077517722,0.9674725088808733,0.9711836107633797,-7.4883531729907915e-6,9.968236936085962e-6,1,4.649799825087682,0.979826222949004,0.9980698096202909,folds1-4
0.01,none,expF,0.6,0.2,,0.9709746181986604,0.00004971774818399537,0.9709132722403644,0.967442051615086,0.9711832502495574,-9.526868574111225e-6,2.307090562422912e-6,0,4.649799825087682,0.979826222949004,0.9980698096202909,folds1-4
0.03,none,expF,0.6,0.2,,0.9709744198824323,0.00004760166396603482,0.9709139176444299,0.967442051615086,0.9711830396271693,-9.72518480221729e-6,9.620571382818706e-7,0,4.020963988907115,0.9763576827338488,0.9945366904028251,folds1-4
0.03,global,expF,0.6,0.4,,0.9709731991756008,0.00005428101537844649,0.9709128183499184,0.9674725088808733,0.9711799490446271,-0.000010945891633723503,0.00001061150396814998,1,4.020963988907115,0.9763576827338488,0.9945366904028251,folds1-4
0.0,none,expF,0.6,0.2,,0.9709731919131769,0.00005081079901817354,0.9709085031475784,0.967442051615086,0.9711817394270976,-0.00001095315405763575,2.9383018662601993e-6,0,12.0,0.9817211247486353,1.0,folds1-4
0.0,fold,expF,0.5,0.4,,0.9709625157728107,0.00007377371509928365,0.9709096705429511,0.9563485271892269,0.9718261271662907,-0.00002162929442384165,0.00006716151421706082,1,12.0,0.9817211247486353,1.0,folds1-4
0.01,fold,expF,0.5,0.4,,0.9709604965371792,0.00007433956719095097,0.9709073983384414,0.9563485271892269,0.971823988568038,-0.000023648530055292438,0.0000676224180928558,1,4.649799825087682,0.979826222949004,0.9980698096202909,folds1-4
0.03,fold,expF,0.5,0.4,,0.9709585565688478,0.0000754845919440933,0.9709042667784201,0.9563485271892269,0.9718219339414432,-0.000025588498386769354,0.00006889133906909371,1,4.020963988907115,0.9763576827338488,0.9945366904028251,folds1-4
0.0,fold,expF,0.6,0.4,,0.9709541514026327,0.0000481422313195255,0.9708947302489952,0.967442051615086,0.9711615733134051,-0.000029993664601823955,1.6114424022150327e-6,0,12.0,0.9817211247486353,1.0,folds1-4
0.01,none,expF,0.5,0.4,,0.9709538753337921,0.0000784983569499119,0.9708962818212575,0.9562977198399712,0.9718199755872813,-0.000030269733442500613,0.00006981525972354297,1,4.649799825087682,0.979826222949004,0.9980698096202909,folds1-4
0.0,none,expF,0.5,0.4,,0.9709536231388001,0.00007709481652277427,0.970898049536573,0.9562977198399712,0.9718197081710989,-0.000030521928434418255,0.00006958024294335922,1,12.0,0.9817211247486353,1.0,folds1-4
0.01,fold,expF,0.6,0.4,,0.9709521321670013,0.00004835785275323052,0.9708922530929286,0.967442051615086,0.9711594347151523,-0.00003201290023324699,1.310137132718071e-6,0,4.649799825087682,0.979826222949004,0.9980698096202909,folds1-4
0.03,none,expF,0.5,0.4,,0.9709516113007797,0.00007835803512777535,0.9708917102474919,0.9562977198399712,0.9718175773059858,-0.00003253376645484529,0.00006960729613797792,1,4.020963988907115,0.9763576827338488,0.9945366904028251,folds1-4
0.03,fold,expF,0.6,0.4,,0.9709503969456934,0.00004855860463759369,0.9708903032716555,0.967442051615086,0.9711575969742212,-0.00003374812154105511,1.8619026479066716e-6,0,4.020963988907115,0.9763576827338488,0.9945366904028251,folds1-4
0.01,none,expF,0.6,0.4,,0.970946559219334,0.000047934175628262596,0.9708884793658155,0.967442051615086,0.9711535324452721,-0.000037585847900423186,2.8971429029862303e-6,0,4.649799825087682,0.979826222949004,0.9980698096202909,folds1-4
0.0,none,expF,0.6,0.4,,0.9709463070243423,0.000045997388624194965,0.970890247081131,0.967442051615086,0.9711532650290898,-0.000037838042892229806,3.4769283915578083e-6,0,12.0,0.9817211247486353,1.0,folds1-4
0.03,none,expF,0.6,0.4,,0.9709444999333455,0.00004815174573142583,0.9708839077920497,0.967442051615086,0.9711513510496406,-0.00003964513388896029,1.713383341694734e-6,0,4.020963988907115,0.9763576827338488,0.9945366904028251,folds1-4
0.0,global,expF,0.4,0.2,,0.9709273620385513,0.00008601641885390113,0.9708312478047998,0.950593428943554,0.9721290431137009,-0.0000567830286831994,0.000059205675420263575,1,12.0,0.9817211247486353,1.0,folds1-4
0.01,global,expF,0.4,0.2,,0.9709269298549654,0.00008577766743428303,0.9708269673251068,0.9506441013710214,0.9721255859304601,-0.00005721521226903503,0.00005602871440931472,1,4.649799825087682,0.979826222949004,0.9980698096202909,folds1-4
0.0,global,expF,0.0,0.2,,0.970925104457409,0.00008033655720704397,0.9708333524897739,0.9502687183361892,0.9721458490022052,-0.00005904060982550585,0.000053210142521304966,1,12.0,0.9817211247486353,1.0,folds1-4
0.01,global,expF,0.0,0.2,,0.9709246722738232,0.00008027629239054224,0.9708290720100807,0.9503193907636567,0.9721423918189646,-0.000059472793411341485,0.00004996559698019433,1,4.649799825087682,0.979826222949004,0.9980698096202909,folds1-4
0.03,global,expF,0.4,0.2,,0.9709242697045313,0.00008445592204403967,0.9708325157139008,0.9508064923813827,0.9721131699281207,-0.00005987536270329885,0.000058233228923604184,1,4.020963988907115,0.9763576827338488,0.9945366904028251,folds1-4
0.01,global,expF,0.4,0.0,,0.9709225886430084,0.00009647277982002841,0.9708047813658232,0.9495177563371999,0.9721875780870038,-0.00006155642422611685,0.00006585693723291453,1,4.649799825087682,0.979826222949004,0.9980698096202909,folds1-4
0.0,global,expF,0.4,0.0,,0.9709224002414865,0.00009788206254233815,0.9708021281502153,0.9494671117700919,0.9721903789822115,-0.00006174482574808349,0.00006576617338019752,1,12.0,0.9817211247486353,1.0,folds1-4
0.03,global,expF,0.0,0.2,,0.9709212029435348,0.00008130694752297173,0.970830736335575,0.9504919319973228,0.9721285190358562,-0.0000629421236997274,0.00005437720028228765,1,4.020963988907115,0.9763576827338488,0.9945366904028251,folds1-4
0.03,global,expF,0.4,0.0,,0.9709189460780177,0.00009457636638408325,0.9708068331183192,0.9496091096559988,0.9721783201401963,-0.00006519898921691913,0.00006744343739823827,1,4.020963988907115,0.9763576827338488,0.9945366904028251,folds1-4
0.01,global,expF,0.0,0.0,,0.9709182862991123,0.00009031065870938293,0.9708029660239484,0.9490813091803906,0.9722088170547828,-0.00006585876812228997,0.00005755010834514758,1,4.649799825087682,0.979826222949004,0.9980698096202909,folds1-4
0.0,global,expF,0.0,0.0,,0.9709178854878786,0.00009052799133679302,0.9708017288730854,0.9490205143899777,0.9722119928822028,-0.00006625957935590954,0.00005604764592236999,1,12.0,0.9817211247486353,1.0,folds1-4
0.0,global,expF,0.0,0.4,,0.9709152550384992,0.0000713466829194253,0.9708412659400514,0.9514457778736071,0.9720658288531306,-0.00006889002873533556,0.00004313707645373594,0,12.0,0.9817211247486353,1.0,folds1-4
0.01,global,expF,0.0,0.4,,0.9709148777734122,0.00007093643671340463,0.9708428364845865,0.9514965237033137,0.9720624297157217,-0.0000692672938222838,0.00004378716173860352,0,4.649799825087682,0.979826222949004,0.9980698096202909,folds1-4
0.03,global,expF,0.0,0.0,,0.9709148055700922,0.00008949449214479911,0.9708033994167361,0.9491828127224944,0.9721991306140185,-0.0000693394971423289,0.000060456833544112976,1,4.020963988907115,0.9763576827338488,0.9945366904028251,folds1-4
0.0,global,expF,0.4,0.4,,0.9709142034111963,0.00007797084519608021,0.9708317168004191,0.9516995335734454,0.9720497174705394,-0.00006994165603821378,0.00004959288544688274,1,12.0,0.9817211247486353,1.0,folds1-4
0.01,global,expF,0.4,0.4,,0.9709138261461094,0.00007756796692222368,0.9708332873449542,0.951750279403152,0.9720463183331304,-0.00007031892112507876,0.000050116567689275836,1,4.649799825087682,0.979826222949004,0.9980698096202909,folds1-4
0.03,global,expF,0.0,0.4,,0.970912423434066,0.00007250083977107999,0.9708398530557862,0.9516282946657402,0.9720520312098986,-0.00007172163316848668,0.000045124586794886956,0,4.020963988907115,0.9763576827338488,0.9945366904028251,folds1-4
0.03,global,expF,0.4,0.4,,0.9709118867393977,0.00007837965015346579,0.9708323636466918,0.9518718968443373,0.972037065074792,-0.00007225832783686048,0.00005114496229356453,1,4.020963988907115,0.9763576827338488,0.9945366904028251,folds1-4
0.01,fold,expF,0.4,0.2,,0.9708931886705991,0.0000869902235764193,0.9707946097955898,0.9496598645824718,0.9721480409800303,-0.0000909563966354221,0.00006098035373123542,1,4.649799825087682,0.979826222949004,0.9980698096202909,folds1-4
0.0,fold,expF,0.4,0.2,,0.9708924957741183,0.00008844288246359882,0.9707953191871357,0.9495989406691008,0.9721509066080731,-0.00009164929311628045,0.00006346163426313067,1,12.0,0.9817211247486353,1.0,folds1-4
0.03,fold,expF,0.4,0.2,,0.9708903155182949,0.00007966778580109796,0.9708069681844032,0.9498019272858638,0.97213659855882,-0.00009382954893971673,0.000058756965455356765,0,4.020963988907115,0.9763576827338488,0.9945366904028251,folds1-4
0.0,fold,expF,0.4,0.0,,0.9708900463297714,0.00010084907882771108,0.9707693979349322,0.9484725189351036,0.9722149021665762,-0.00009409873746318853,0.00007283332044923998,1,12.0,0.9817211247486353,1.0,folds1-4
0.03,fold,expF,0.4,0.0,,0.9708897421922361,0.0000975538848013372,0.9707790345700166,0.9486450138298476,0.9722043796318786,-0.00009440287499842825,0.00007556429824229364,1,4.020963988907115,0.9763576827338488,0.9945366904028251,folds1-4
0.0,fold,expF,0.4,0.4,,0.9708886866697535,0.00007668269842875363,0.9708143920186266,0.9507865238099105,0.9720766825087156,-0.00009545839748104079,0.00005965293046515911,0,12.0,0.9817211247486353,1.0,folds1-4
0.01,fold,expF,0.4,0.0,,0.9708871931625322,0.00009971008473088353,0.9707696318760614,0.9485130682025832,0.9722094796020488,-0.00009695190470229709,0.00007422519295875566,1,4.649799825087682,0.979826222949004,0.9980698096202909,folds1-4
0.0,fold,expF,0.0,0.4,,0.9708847406212019,0.00007214770715998503,0.9708147802614859,0.9503804326562897,0.9720964995646598,-0.00009940444603259713,0.00005402450684422814,0,12.0,0.9817211247486353,1.0,folds1-4
0.01,fold,expF,0.0,0.2,,0.970884512853414,0.00008100109853326245,0.9707905107683489,0.9491119436119098,0.9721712476329242,-0.00009963221382050524,0.000054105990282980385,0,4.649799825087682,0.979826222949004,0.9980698096202909,folds1-4
0.0,fold,expF,0.0,0.2,,0.9708838199569331,0.00008235551605740568,0.9707912201598948,0.9490510196985387,0.9721741132609669,-0.00010032511030141911,0.00005659189224230786,0,12.0,0.9817211247486353,1.0,folds1-4
0.01,fold,expF,0.4,0.4,,0.9708834960008073,0.00007567519956297923,0.9708130391321452,0.9508169658950711,0.9720693851309421,-0.00010064906642723304,0.000060313354220659176,0,4.649799825087682,0.979826222949004,0.9980698096202909,folds1-4
0.01,fold,expF,0.0,0.4,,0.9708805883997353,0.00007189888621092121,0.9708134273750045,0.9504210249647552,0.9720897020955823,-0.00010355666749919945,0.00005544704760635807,0,4.649799825087682,0.979826222949004,0.9980698096202909,folds1-4
0.03,fold,expF,0.4,0.4,,0.9708797949424322,0.00007444827310530968,0.970814002358347,0.9509385587738332,0.9720582658524328,-0.0001043501248023937,0.00006043129186821017,0,4.020963988907115,0.9763576827338488,0.9945366904028251,folds1-4
0.03,fold,expF,0.0,0.2,,0.9708793445727961,0.00007771813778052324,0.9707951010305624,0.9492641565386066,0.9721567748151018,-0.00010480049443833961,0.00005487209191591723,0,4.020963988907115,0.9763576827338488,0.9945366904028251,folds1-4
0.03,fold,expF,0.0,0.4,,0.9708761406890402,0.00007170486141204401,0.9708102711401306,0.9505629646290494,0.9720765923369525,-0.00010800437819438735,0.00005553640528931305,0,4.020963988907115,0.9763576827338488,0.9945366904028251,folds1-4
0.03,fold,expF,0.0,0.0,,0.9708751183411927,0.00009437115255724296,0.970762874676182,0.9479548129620816,0.9722296849956418,-0.00010902672604187758,0.00007004565594047812,0,4.020963988907115,0.9763576827338488,0.9945366904028251,folds1-4
0.0,fold,expF,0.0,0.0,,0.9708745749854336,0.00009600782393554015,0.9707566451786956,0.9477417290568084,0.9722417095430209,-0.00010957008180087491,0.00006623922122561407,0,12.0,0.9817211247486353,1.0,folds1-4
0.01,fold,expF,0.0,0.0,,0.9708725693114888,0.00009619239505183755,0.9707557376858184,0.9478025238472214,0.9722359847604073,-0.00011157575574577416,0.00006861504539756722,0,4.649799825087682,0.979826222949004,0.9980698096202909,folds1-4
0.03,none,expF,0.4,0.2,,0.9708702881727125,0.00008871859129457622,0.9707779895754353,0.9493553807344474,0.9721417847063387,-0.00011385689452200753,0.00006440155997412825,0,4.020963988907115,0.9763576827338488,0.9945366904028251,folds1-4
0.0,none,expF,0.4,0.2,,0.9708675474866744,0.00010687142313958662,0.9707533435707171,0.9488883922187603,0.972166479788515,-0.00011659758056017933,0.00007704946403280975,0,12.0,0.9817211247486353,1.0,folds1-4
0.03,none,expF,0.4,0.0,,0.9708674910071973,0.00009919475468814526,0.9707561725565248,0.9481276321120662,0.9722114094331457,-0.00011665406003719125,0.00007694210110963082,0,4.020963988907115,0.9763576827338488,0.9945366904028251,folds1-4
0.01,none,expF,0.4,0.2,,0.9708672036912269,0.00010438289685223412,0.970752165191575,0.9490202492631588,0.9721583165442824,-0.00011694137600762322,0.00007311267311131254,0,4.649799825087682,0.979826222949004,0.9980698096202909,folds1-4
0.03,none,expF,0.4,0.4,,0.970861363815879,0.00008507895890935344,0.9707837140045028,0.950542803081991,0.9720621422316218,-0.00012278125135553597,0.00006829170774517003,0,4.020963988907115,0.9763576827338488,0.9945366904028251,folds1-4
0.01,none,expF,0.4,0.0,,0.9708571033467568,0.00010161082569826752,0.9707405728289918,0.9477926700187976,0.9722202058132768,-0.00012704172047772744,0.00007587716476685954,0,4.649799825087682,0.979826222949004,0.9980698096202909,folds1-4
0.0,none,expF,0.4,0.0,,0.9708553663510859,0.00009836517637583024,0.9707399678150095,0.9476507521310027,0.9722267660734853,-0.00012877871614852543,0.00007031867454411734,0,12.0,0.9817211247486353,1.0,folds1-4
0.03,none,expF,0.0,0.2,,0.9708551131700627,0.00009058610781939995,0.9707568536341745,0.9486754280546488,0.97216590686573,-0.00012903189717186625,0.00006381817471589647,0,4.020963988907115,0.9763576827338488,0.9945366904028251,folds1-4
0.03,none,expF,0.0,0.4,,0.9708541663355499,0.00008290591512004846,0.9707752454060495,0.9500554293467767,0.9720833147969823,-0.0001299787316846046,0.00006317170368815885,0,4.020963988907115,0.9763576827338488,0.9945366904028251,folds1-4
0.0,none,expF,0.4,0.4,,0.9708540126665012,0.000090650400102608,0.9707623339794593,0.9500256266753311,0.9720849532907762,-0.00013013240073331267,0.0000702028163155402,0,12.0,0.9817211247486353,1.0,folds1-4
0.01,none,expF,0.0,0.2,,0.9708537573909926,0.00010190601149280857,0.9707387973769139,0.9483200510604267,0.9721854691002858,-0.0001303876762419054,0.00006969810379433986,0,4.649799825087682,0.979826222949004,0.9980698096202909,folds1-4
0.0,none,expF,0.0,0.2,,0.9708536451032495,0.00010494050534571461,0.9707381514232938,0.9481678472304962,0.972194348959888,-0.00013049996398500907,0.00007400944213558279,0,12.0,0.9817211247486353,1.0,folds1-4
0.01,none,expF,0.4,0.4,,0.9708535479404027,0.0000895107329093732,0.9707665995581775,0.9501576001629548,0.9720766623748692,-0.00013059712683186064,0.00007059525618255798,0,4.649799825087682,0.979826222949004,0.9980698096202909,folds1-4
0.03,none,expF,0.0,0.0,,0.9708477167059484,0.00009907446159077853,0.9707321599400147,0.9472750587125017,0.9722408582886867,-0.00013642836128610614,0.00007502765354100107,0,4.020963988907115,0.9763576827338488,0.9945366904028251,folds1-4
0.0,none,expF,0.0,0.4,,0.9708463100617784,0.00008893362958857154,0.9707532474618447,0.9494772953675562,0.9721091900818345,-0.00013783500545616612,0.00006566481841032043,0,12.0,0.9817211247486353,1.0,folds1-4
0.01,none,expF,0.0,0.4,,0.9708459642605978,0.00008776042665269653,0.9707577190136166,0.949629572599726,0.9720998254203502,-0.00013818080663674515,0.00006590390505129732,0,4.649799825087682,0.979826222949004,0.9980698096202909,folds1-4
0.01,none,expF,0.0,0.0,,0.970835526934541,0.0001009513875281343,0.9707165602124819,0.9468791608231719,0.9722513453485873,-0.00014861813269345658,0.00007377645017743176,0,4.649799825087682,0.979826222949004,0.9980698096202909,folds1-4
0.0,none,expF,0.0,0.0,,0.9708320220034921,0.00009776446171679668,0.9707134148641695,0.9466966506269114,0.972258432648051,-0.00015212306374251527,0.00006816064067077137,0,12.0,0.9817211247486353,1.0,folds1-4
0.0,global,expF,0.7,0.0,,0.9707259384540108,0.00007099664537127764,0.9706666577278259,0.9759770979309332,0.9704153530058018,-0.00025820661322376037,0.00004789719061918895,0,12.0,0.9817211247486353,1.0,folds1-4
0.01,global,expF,0.7,0.0,,0.970724994003737,0.00007093806715814026,0.9706659274542051,0.9759770979309332,0.970414352709114,-0.0002591510634975258,0.000048487084779014435,0,4.649799825087682,0.979826222949004,0.9980698096202909,folds1-4
0.0,global,expF,0.7,0.2,,0.9707228051595431,0.0000768986562239936,0.9706604324464144,0.9759770979309332,0.9704120354339754,-0.0002613399076913936,0.000056720435490515176,0,12.0,0.9817211247486353,1.0,folds1-4
0.01,global,expF,0.7,0.2,,0.9707218773532966,0.00007830320341847522,0.9706587027487508,0.9759770979309332,0.9704110529833287,-0.000262267713937836,0.000058974887234234664,0,4.649799825087682,0.979826222949004,0.9980698096202909,folds1-4
0.03,global,expF,0.7,0.0,,0.9707210004483393,0.00006943420877649745,0.9706606098688791,0.9759770979309332,0.9704101228879399,-0.0002631446188952058,0.000047785601644475916,0,4.020963988907115,0.9763576827338488,0.9945366904028251,folds1-4
0.03,global,expF,0.7,0.2,,0.9707181146953112,0.00007760355227698332,0.970652803280616,0.9759770979309332,0.9704070679063062,-0.00026603037192335366,0.000057657236741370106,0,4.020963988907115,0.9763576827338488,0.9945366904028251,folds1-4
0.0,fold,expF,0.7,0.0,,0.9707045325508149,0.000070594790060339,0.9706482597858664,0.975966944409692,0.9703932813136296,-0.0002796125164196417,0.000043451150100538066,0,12.0,0.9817211247486353,1.0,folds1-4
0.01,fold,expF,0.7,0.0,,0.9707032842569531,0.00006937189903716321,0.9706481302998823,0.975966944409692,0.970391959009691,-0.00028086081028144694,0.00004278610642569282,0,4.649799825087682,0.979826222949004,0.9980698096202909,folds1-4
0.03,fold,expF,0.7,0.0,,0.9707028638417983,0.0000660106997119088,0.9706488480693464,0.975966944409692,0.970391513206935,-0.00028128122543624734,0.00004106251803486021,0,4.020963988907115,0.9763576827338488,0.9945366904028251,folds1-4
0.0,fold,expF,0.7,0.2,,0.970698579138642,0.00007856913332596228,0.9706368353923308,0.975966944409692,0.9703869774126438,-0.0002855659285924683,0.00005438388718097649,0,12.0,0.9817211247486353,1.0,folds1-4
0.01,fold,expF,0.7,0.2,,0.9706977379649827,0.00007908976137196767,0.9706346939150289,0.975966944409692,0.970386086630142,-0.0002864071022517789,0.000056329008580892536,0,4.649799825087682,0.979826222949004,0.9980698096202909,folds1-4
0.03,none,expF,0.7,0.0,,0.970696699913689,0.0000652587389635623,0.9706454556941766,0.975966944409692,0.9703849846871808,-0.0002874451535455347,0.00004069963508406908,0,4.020963988907115,0.9763576827338488,0.9945366904028251,folds1-4
0.03,fold,expF,0.7,0.2,,0.9706965944346168,0.00007688514804556579,0.9706347390125847,0.975966944409692,0.9703848751289438,-0.000287550632617789,0.0000545322981617317,0,4.020963988907115,0.9763576827338488,0.9945366904028251,folds1-4
0.01,none,expF,0.7,0.0,,0.9706959341766281,0.00006887984547766444,0.9706417696913464,0.975966944409692,0.9703841743028163,-0.00028821089060634963,0.000042122216186897276,0,4.649799825087682,0.979826222949004,0.9980698096202909,folds1-4
0.0,none,expF,0.7,0.0,,0.9706951816831132,0.00007036708036007738,0.9706422895229428,0.975966944409692,0.9703833774745525,-0.00028896338412134903,0.00004218752111326941,0,12.0,0.9817211247486353,1.0,folds1-4
0.0,global,expF,0.7,0.4,,0.9706914447245478,0.0000874913411347805,0.9706237959503752,0.9759770979309332,0.9703788228680028,-0.0002927003426866359,0.0000635532034769579,0,12.0,0.9817211247486353,1.0,folds1-4
0.01,global,expF,0.7,0.4,,0.9706902043342831,0.00008794832994547604,0.9706225707422698,0.9759770979309332,0.9703775092247634,-0.00029394073295138656,0.00006335135375424497,0,4.649799825087682,0.979826222949004,0.9980698096202909,folds1-4
0.03,none,expF,0.7,0.2,,0.9706890297923647,0.00007826592214218664,0.9706284197907173,0.975966944409692,0.9703768634501192,-0.00029511527486975053,0.000054047692432298985,0,4.020963988907115,0.9763576827338488,0.9945366904028251,folds1-4
0.01,none,expF,0.7,0.2,,0.9706889134275385,0.00008058706177908443,0.9706249600636545,0.975966944409692,0.970376740685832,-0.00029523163969605304,0.00005598814819940664,0,4.649799825087682,0.979826222949004,0.9980698096202909,folds1-4
0.0,none,expF,0.7,0.2,,0.9706875656079803,0.00008031293832786904,0.9706256871286808,0.975966944409692,0.9703753130603031,-0.0002965794592541815,0.00005435142858905734,0,12.0,0.9817211247486353,1.0,folds1-4
0.03,global,expF,0.7,0.4,,0.9706869646519369,0.00008868023452740905,0.9706168920973164,0.9759770979309332,0.9703740782335262,-0.00029718041529755435,0.00006432521655482117,0,4.020963988907115,0.9763576827338488,0.9945366904028251,folds1-4
0.0,fold,expF,0.7,0.4,,0.9706665817007729,0.00007982240196447506,0.9706036784423463,0.975966944409692,0.9703530886294824,-0.0003175633664616595,0.00005560894122691487,0,12.0,0.9817211247486353,1.0,folds1-4
0.01,fold,expF,0.7,0.4,,0.9706646838421196,0.0000796650905975716,0.970601891745749,0.975966944409692,0.9703510785498115,-0.0003194612251149198,0.000055207808604885274,0,4.649799825087682,0.979826222949004,0.9980698096202909,folds1-4
0.03,fold,expF,0.7,0.4,,0.9706631664769263,0.00007957398575981704,0.9705987601857275,0.975966944409692,0.9703494715363956,-0.00032097859030819076,0.00005523422904964173,0,4.020963988907115,0.9763576827338488,0.9945366904028251,folds1-4
0.01,none,expF,0.7,0.4,,0.9706588833690803,0.00008049546286032626,0.9705955052346047,0.975966944409692,0.970344935315042,-0.00032526169815413897,0.00005651124911125458,0,4.649799825087682,0.979826222949004,0.9980698096202909,folds1-4
0.0,none,expF,0.7,0.4,,0.970658399454403,0.00007901177117671794,0.9705962838062386,0.975966944409692,0.9703444225182897,-0.00032574561283149617,0.000055878119210994946,0,12.0,0.9817211247486353,1.0,folds1-4
0.03,none,expF,0.7,0.4,,0.9706571363435227,0.00007882695196275263,0.9705971042732017,0.975966944409692,0.9703430846288489,-0.0003270087237118302,0.000054329382478366844,0,4.020963988907115,0.9763576827338488,0.9945366904028251,folds1-4
0.0,global,thr,,,0.7,0.970503726956837,0.00006647604870250269,0.9704406011721948,0.9759770979309332,0.9701800040854395,-0.0004804181103975902,0.00006109948621560182,0,12.0,0.9817211247486353,1.0,folds1-4
0.01,global,thr,,,0.7,0.970503726956837,0.00006647604870250269,0.9704406011721948,0.9759770979309332,0.9701800040854395,-0.0004804181103975902,0.00006109948621560182,0,4.649799825087682,0.979826222949004,0.9980698096202909,folds1-4
0.03,global,thr,,,0.7,0.9705035873563991,0.00006621742408908296,0.9704400103200052,0.9759770979309332,0.9701798562097714,-0.00048055771083543863,0.00006099974509962951,0,4.020963988907115,0.9763576827338488,0.9945366904028251,folds1-4
0.0,fold,thr,,,0.7,0.9704991628049562,0.00006651355799707215,0.9704341414221817,0.975966944409692,0.9701757700659954,-0.00048498226227827734,0.00006149051251130544,0,12.0,0.9817211247486353,1.0,folds1-4
0.01,fold,thr,,,0.7,0.9704991628049562,0.00006651355799707215,0.9704341414221817,0.975966944409692,0.9701757700659954,-0.00048498226227827734,0.00006149051251130544,0,4.649799825087682,0.979826222949004,0.9980698096202909,folds1-4
0.03,fold,thr,,,0.7,0.9704990232045183,0.00006626967646403253,0.9704335505699921,0.975966944409692,0.9701756221903275,-0.00048512186271615354,0.00006140715947381168,0,4.020963988907115,0.9763576827338488,0.9945366904028251,folds1-4
0.0,none,thr,,,0.7,0.9704979553723525,0.00006735129577511355,0.9704321829789361,0.975966944409692,0.9701744913736857,-0.00048618969488206654,0.00006245730855285102,0,12.0,0.9817211247486353,1.0,folds1-4
0.01,none,thr,,,0.7,0.9704979553723525,0.00006735129577511355,0.9704321829789361,0.975966944409692,0.9701744913736857,-0.00048618969488206654,0.00006245730855285102,0,4.649799825087682,0.979826222949004,0.9980698096202909,folds1-4
0.03,none,thr,,,0.7,0.9704978157719145,0.00006710641981662991,0.9704315921267465,0.975966944409692,0.9701743434980178,-0.000486329295320026,0.00006237090198318413,0,4.020963988907115,0.9763576827338488,0.9945366904028251,folds1-4
0.03,global,thr,,,0.65,0.9704787746101776,0.00007655216746253136,0.9704254873010144,0.9717959863954911,0.9704007409604318,-0.0005053704570568973,0.000060337792027213415,0,4.020963988907115,0.9763576827338488,0.9945366904028251,folds1-4
0.0,global,thr,,,0.65,0.9704784969862001,0.00007651524461221072,0.9704257876783846,0.9717959863954911,0.9704004468818951,-0.0005056480810343433,0.0000603979429148585,0,12.0,0.9817211247486353,1.0,folds1-4
0.01,global,thr,,,0.65,0.9704784969862001,0.00007651524461221072,0.9704257876783846,0.9717959863954911,0.9704004468818951,-0.0005056480810343433,0.0000603979429148585,0,4.649799825087682,0.979826222949004,0.9980698096202909,folds1-4
0.03,fold,thr,,,0.65,0.9704682721443348,0.000076360147177378,0.9704130555663787,0.9717655291297039,0.9703914174062502,-0.0005158729228996461,0.000059951458570382495,0,4.020963988907115,0.9763576827338488,0.9945366904028251,folds1-4
0.0,fold,thr,,,0.65,0.9704679945203574,0.00007631187738582168,0.9704133559437488,0.9717655291297039,0.9703911233277135,-0.0005161505468771199,0.000059997683160958916,0,12.0,0.9817211247486353,1.0,folds1-4
0.01,fold,thr,,,0.65,0.9704679945203574,0.00007631187738582168,0.9704133559437488,0.9717655291297039,0.9703911233277135,-0.0005161505468771199,0.000059997683160958916,0,4.649799825087682,0.979826222949004,0.9980698096202909,folds1-4
0.03,none,thr,,,0.65,0.9704662194452212,0.0000783542124026618,0.9704093251324246,0.9717655291297039,0.9703892436896663,-0.0005179256220133321,0.00006205182755347611,0,4.020963988907115,0.9763576827338488,0.9945366904028251,folds1-4
0.0,none,thr,,,0.65,0.9704659418212438,0.00007830782949656582,0.9704096255097948,0.9717655291297039,0.9703889496111295,-0.0005182032459907782,0.00006209731804769335,0,12.0,0.9817211247486353,1.0,folds1-4
0.01,none,thr,,,0.65,0.9704659418212438,0.00007830782949656582,0.9704096255097948,0.9717655291297039,0.9703889496111295,-0.0005182032459907782,0.00006209731804769335,0,4.649799825087682,0.979826222949004,0.9980698096202909,folds1-4
0.0,global,thr,,,0.6,0.9701754491824839,0.0000634588778803855,0.9701077017264442,0.9674725088808733,0.9703350396860982,-0.0008086958847506598,0.000022464016818521172,0,12.0,0.9817211247486353,1.0,folds1-4
0.01,global,thr,,,0.6,0.9701754491824839,0.0000634588778803855,0.9701077017264442,0.9674725088808733,0.9703350396860982,-0.0008086958847506598,0.000022464016818521172,0,4.649799825087682,0.979826222949004,0.9980698096202909,folds1-4
0.03,global,thr,,,0.6,0.9701754424379361,0.00006358480341883957,0.9701073486725619,0.9674725088808733,0.9703350325882699,-0.0008087026292983857,0.00002223617315234689,0,4.020963988907115,0.9763576827338488,0.9945366904028251,folds1-4
0.0,fold,thr,,,0.6,0.9701533037336169,0.00005979659142698881,0.9700914856865,0.967442051615086,0.9703133844855575,-0.0008308413336176323,0.00002083280311958308,0,12.0,0.9817211247486353,1.0,folds1-4
0.01,fold,thr,,,0.6,0.9701533037336169,0.00005979659142698881,0.9700914856865,0.967442051615086,0.9703133844855575,-0.0008308413336176323,0.00002083280311958308,0,4.649799825087682,0.979826222949004,0.9980698096202909,folds1-4
0.03,fold,thr,,,0.6,0.970153296989069,0.00005991580381201631,0.9700911326326177,0.967442051615086,0.970313377387729,-0.0008308480781654692,0.00002054493092815472,0,4.020963988907115,0.9763576827338488,0.9945366904028251,folds1-4
0.0,none,thr,,,0.6,0.9701492424752374,0.000059657720750710425,0.9700878307785721,0.967442051615086,0.970309083073306,-0.0008349025919971165,0.00002123796824478327,0,12.0,0.9817211247486353,1.0,folds1-4
0.01,none,thr,,,0.6,0.9701492424752374,0.000059657720750710425,0.9700878307785721,0.967442051615086,0.970309083073306,-0.0008349025919971165,0.00002123796824478327,0,4.649799825087682,0.979826222949004,0.9980698096202909,folds1-4
0.03,none,thr,,,0.6,0.9701492357306898,0.00005976796219512492,0.9700874777246897,0.967442051615086,0.9703090759754776,-0.0008349093365447868,0.00002092926792366809,0,4.020963988907115,0.9763576827338488,0.9945366904028251,folds1-4
0.0,none,thr,,,0.75,0.9701214888357594,0.000043988601441692205,0.9700594694569916,0.9794782092558152,0.9695681936732548,-0.0008626562314751063,0.00007046130742838147,0,12.0,0.9817211247486353,1.0,folds1-4
0.01,none,thr,,,0.75,0.9701214888357594,0.000043988601441692205,0.9700594694569916,0.9794782092558152,0.9695681936732548,-0.0008626562314751063,0.00007046130742838147,0,4.649799825087682,0.979826222949004,0.9980698096202909,folds1-4
0.03,none,thr,,,0.75,0.9701214223858049,0.00004401740377783783,0.9700594694569916,0.9794782092558152,0.9695681232514564,-0.0008627226814296451,0.00007069739544966537,0,4.020963988907115,0.9763576827338488,0.9945366904028251,folds1-4
0.0,fold,thr,,,0.75,0.9701214017876236,0.00004415227993118565,0.9700591212644484,0.9794782092558152,0.9695681015033628,-0.0008627432796109169,0.00007055179205170535,0,12.0,0.9817211247486353,1.0,folds1-4
0.01,fold,thr,,,0.75,0.9701214017876236,0.00004415227993118565,0.9700591212644484,0.9794782092558152,0.9695681015033628,-0.0008627432796109169,0.00007055179205170535,0,4.649799825087682,0.979826222949004,0.9980698096202909,folds1-4
0.03,fold,thr,,,0.75,0.9701213353376691,0.000044180800997127994,0.9700591212644484,0.9794782092558152,0.9695680310815643,-0.0008628097295654558,0.00007078746934053678,0,4.020963988907115,0.9763576827338488,0.9945366904028251,folds1-4
0.0,global,thr,,,0.75,0.9701212049161185,0.00004288672092565717,0.9700603618987123,0.9794782092558152,0.9695678929911109,-0.0008629401511160151,0.00006889918333132047,0,12.0,0.9817211247486353,1.0,folds1-4
0.01,global,thr,,,0.75,0.9701212049161185,0.00004288672092565717,0.9700603618987123,0.9794782092558152,0.9695678929911109,-0.0008629401511160151,0.00006889918333132047,0,4.649799825087682,0.979826222949004,0.9980698096202909,folds1-4
0.03,global,thr,,,0.75,0.9701211384661641,0.00004290716810883826,0.9700603618987123,0.9794782092558152,0.9695678225693125,-0.0008630066010704707,0.00006913496081864369,0,4.020963988907115,0.9763576827338488,0.9945366904028251,folds1-4
0.03,global,thr,,,0.55,0.9695624951074762,0.00009029753904256934,0.9694422359115518,0.9626107678925463,0.9699732021545393,-0.001421649959758381,0.00005487940069890294,0,4.020963988907115,0.9763576827338488,0.9945366904028251,folds1-4
0.0,global,thr,,,0.55,0.9695615266102187,0.00009022066907710905,0.9694416326797645,0.9626107678925463,0.9699721765363919,-0.0014226184570158285,0.000054572782045468686,0,12.0,0.9817211247486353,1.0,folds1-4
0.01,global,thr,,,0.55,0.9695615266102187,0.00009022066907710905,0.9694416326797645,0.9626107678925463,0.9699721765363919,-0.0014226184570158285,0.000054572782045468686,0,4.649799825087682,0.979826222949004,0.9980698096202909,folds1-4
0.03,fold,thr,,,0.55,0.9695093982267999,0.00008799162883621356,0.9693953538276332,0.9625599823197898,0.969919964942675,-0.0014747468404345543,0.000056439427969511385,0,4.020963988907115,0.9763576827338488,0.9945366904028251,folds1-4
0.0,fold,thr,,,0.55,0.9695084297295424,0.00008787993846160368,0.9693947505958458,0.9625599823197898,0.9699189393245274,-0.0014757153376921128,0.000056089947547117034,0,12.0,0.9817211247486353,1.0,folds1-4
0.01,fold,thr,,,0.55,0.9695084297295424,0.00008787993846160368,0.9693947505958458,0.9625599823197898,0.9699189393245274,-0.0014757153376921128,0.000056089947547117034,0,4.649799825087682,0.979826222949004,0.9980698096202909,folds1-4
0.03,none,thr,,,0.55,0.969497603273563,0.00008895840922592117,0.9693841850283209,0.9625497890554988,0.9699080727244612,-0.0014865417936714975,0.00005772411209804699,0,4.020963988907115,0.9763576827338488,0.9945366904028251,folds1-4
0.0,none,thr,,,0.55,0.9694966347763054,0.00008885715807311836,0.9693835817965335,0.9625497890554988,0.9699070471063137,-0.0014875102909291116,0.0000573967371361973,0,12.0,0.9817211247486353,1.0,folds1-4
0.01,none,thr,,,0.55,0.9694966347763054,0.00008885715807311836,0.9693835817965335,0.9625497890554988,0.9699070471063137,-0.0014875102909291116,0.0000573967371361973,0,4.649799825087682,0.979826222949004,0.9980698096202909,folds1-4
0.03,none,thr,,,0.8,0.9693043246917019,0.00008923029059590706,0.9691873635595878,0.983142774533731,0.9684861435270755,-0.001679820375532659,0.0001304861701598202,0,4.020963988907115,0.9763576827338488,0.9945366904028251,folds1-4
0.03,fold,thr,,,0.8,0.9693043246917019,0.00008923029059590706,0.9691873635595878,0.983142774533731,0.9684861435270755,-0.001679820375532659,0.0001304861701598202,0,4.020963988907115,0.9763576827338488,0.9945366904028251,folds1-4
0.0,none,thr,,,0.8,0.9693042811063324,0.00008903483418093815,0.9691875902808428,0.983142774533731,0.9684860973852965,-0.0016798639609021115,0.00013032291724642128,0,12.0,0.9817211247486353,1.0,folds1-4
0.0,fold,thr,,,0.8,0.9693042811063324,0.00008903483418093815,0.9691875902808428,0.983142774533731,0.9684860973852965,-0.0016798639609021115,0.00013032291724642128,0,12.0,0.9817211247486353,1.0,folds1-4
0.01,none,thr,,,0.8,0.9693042811063324,0.00008903483418093815,0.9691875902808428,0.983142774533731,0.9684860973852965,-0.0016798639609021115,0.00013032291724642128,0,4.649799825087682,0.979826222949004,0.9980698096202909,folds1-4
0.01,fold,thr,,,0.8,0.9693042811063324,0.00008903483418093815,0.9691875902808428,0.983142774533731,0.9684860973852965,-0.0016798639609021115,0.00013032291724642128,0,4.649799825087682,0.979826222949004,0.9980698096202909,folds1-4
0.03,global,thr,,,0.8,0.969303871410524,0.00008834087657709212,0.9691875667495252,0.983142774533731,0.968485663439018,-0.0016802736567105292,0.00012952551410905632,0,4.020963988907115,0.9763576827338488,0.9945366904028251,folds1-4
0.0,global,thr,,,0.8,0.9693038278251547,0.00008814437856892065,0.9691877934707804,0.983142774533731,0.9684856172972389,-0.0016803172420798984,0.00012936168297820143,0,12.0,0.9817211247486353,1.0,folds1-4
0.01,global,thr,,,0.8,0.9693038278251547,0.00008814437856892065,0.9691877934707804,0.983142774533731,0.9684856172972389,-0.0016803172420798984,0.00012936168297820143,0,4.649799825087682,0.979826222949004,0.9980698096202909,folds1-4
0.03,global,thr,,,0.5,0.968570142468907,0.0001201199146776459,0.9684517098295736,0.9565006846802352,0.9692833307434833,-0.002414002598327497,0.00009509919436832132,0,4.020963988907115,0.9763576827338488,0.9945366904028251,folds1-4
0.01,global,thr,,,0.5,0.9685679236716062,0.00012063268419522411,0.9684497691257974,0.9565006846802352,0.9692809810610364,-0.0024162213956283873,0.00009541739593694826,0,4.649799825087682,0.979826222949004,0.9980698096202909,folds1-4
0.0,global,thr,,,0.5,0.9685677618356353,0.0001203606289139992,0.9684497691257974,0.9565006846802352,0.9692808096601634,-0.002416383231599234,0.00009510142924981447,0,12.0,0.9817211247486353,1.0,folds1-4
0.03,fold,thr,,,0.5,0.9684084606160507,0.00011472016573663375,0.9683039781385928,0.9563485271892269,0.9691210878771047,-0.002575684451183835,0.00009498981130751998,0,4.020963988907115,0.9763576827338488,0.9945366904028251,folds1-4
0.01,fold,thr,,,0.5,0.9684062418187497,0.00011515895200169948,0.9683020374348165,0.9563485271892269,0.9691187381946579,-0.0025779032484848363,0.0000951898321021675,0,4.649799825087682,0.979826222949004,0.9980698096202909,folds1-4
0.0,fold,thr,,,0.5,0.9684060799827788,0.00011486989023160649,0.9683020374348165,0.9563485271892269,0.9691185667937848,-0.002578065084455683,0.00009486821118199258,0,12.0,0.9817211247486353,1.0,folds1-4
0.03,none,thr,,,0.5,0.9683715653120373,0.0001232435691823703,0.9682625990886917,0.9562977198399712,0.9690850114321831,-0.0026125797551971863,0.00010342670880575505,0,4.020963988907115,0.9763576827338488,0.9945366904028251,folds1-4
0.01,none,thr,,,0.5,0.9683693465147363,0.00012370209747199787,0.9682606583849153,0.9562977198399712,0.9690826617497361,-0.0026147985524981876,0.00010367009092535332,0,4.649799825087682,0.979826222949004,0.9980698096202909,folds1-4
0.0,none,thr,,,0.5,0.9683691846787655,0.00012341185739510552,0.9682606583849153,0.9562977198399712,0.9690824903488631,-0.0026149603884690065,0.00010334955868672274,0,12.0,0.9817211247486353,1.0,folds1-4
0.0,global,expF,0.5,0.2,,0.9710315210117526,0.00007113214421331822,0.9709616223661994,0.9566516709985902,0.9718818393605776,0.000021489846714595197,0.00006110909616913228,2,12.0,0.9817015887028319,1.0,folds0-4
0.0,global,expF,0.5,0.0,,0.9710309468049516,0.0000776038180911337,0.9709540494987001,0.9566516709985902,0.9718812308116881,0.00002091563991362122,0.00006861982276277592,2,12.0,0.9817015887028319,1.0,folds0-4
0.0,global,expF,0.6,0.0,,0.9710307302293375,0.00006365863609967878,0.9709495748975773,0.9674772987460667,0.9712407636994141,0.000020699064299445345,0.000010242343235467034,5,12.0,0.9817015887028319,1.0,folds0-4
0.0,global,expF,0.6,0.2,,0.9710304906796082,0.00006345665059499732,0.9709555735424513,0.9674772987460667,0.9712405102695121,0.000020459514570281277,8.437149990523342e-6,5,12.0,0.9817015887028319,1.0,folds0-4
0.01,global,expF,0.5,0.2,,0.9710304572835344,0.00006954949943804097,0.970962911741169,0.9566516709985902,0.9718807128551509,0.000020426118496352786,0.00005982464667686894,2,4.648681974873087,0.9798009275578584,0.9980639054423914,folds0-4
0.01,global,expF,0.5,0.0,,0.9710299536502708,0.00007659096108356936,0.9709544370107164,0.9566516709985902,0.9718801789065872,0.00001992248523279283,0.00006776354900940746,2,4.648681974873087,0.9798009275578584,0.9980639054423914,folds0-4
0.01,global,expF,0.6,0.0,,0.9710297370746567,0.00006327651430429785,0.9709499624095936,0.9674772987460667,0.971239711794313,0.000019705909618550345,9.787577246818712e-6,5,4.648681974873087,0.9798009275578584,0.9980639054423914,folds0-4
0.01,global,expF,0.6,0.2,,0.97102942695139,0.0000631288144027023,0.9709568629174211,0.9674772987460667,0.9712393837640855,0.00001939578635203887,9.848958668024611e-6,5,4.648681974873087,0.9798009275578584,0.9980639054423914,folds0-4
0.03,global,expF,0.5,0.2,,0.9710277630241855,0.00007303512165161003,0.9709579003328667,0.9566516709985902,0.9718778593892605,0.000017731859147374073,0.00006136748104312292,2,4.022073831797245,0.9763402379723629,0.9945387130097855,folds0-4
0.03,global,expF,0.6,0.2,,0.9710267326920411,0.00006517901703810996,0.9709518515091184,0.9674772987460667,0.9712365302981949,0.00001670152700297134,7.074058097084891e-6,5,4.022073831797245,0.9763402379723629,0.9945387130097855,folds0-4
0.03,global,expF,0.5,0.0,,0.9710254821668685,0.00007726200591713055,0.9709519573560291,0.9566516709985902,0.9718754427147156,0.000015451001830402154,0.00006990335585633813,2,4.022073831797245,0.9763402379723629,0.9945387130097855,folds0-4
0.03,global,expF,0.6,0.0,,0.971025437939647,0.0000621359416309078,0.9709474827549063,0.9674772987460667,0.9712351581700311,0.00001540677460900586,0.00001181236867816399,5,4.022073831797245,0.9763402379723629,0.9945387130097855,folds0-4
0.0,fold,expF,0.6,0.0,,0.9710122350755288,0.0000693449730405828,0.9709211864634913,0.9674529329334369,0.971222614366144,2.2039104907500827e-6,0.000010514018529100876,2,12.0,0.9817015887028319,1.0,folds0-4
0.0,fold,expF,0.5,0.0,,0.9710122162518378,0.00008163463958936966,0.9709349135049666,0.9565218494785622,0.9718690713313848,2.1850867996331403e-6,0.00006961970771749745,2,12.0,0.9817015887028319,1.0,folds0-4
0.0,fold,expF,0.5,0.2,,0.971010992208654,0.00007695363554861506,0.9709385327355545,0.9565218494785622,0.9718677758357226,9.61043615932411e-7,0.0000603212992543169,2,12.0,0.9817015887028319,1.0,folds0-4
0.01,fold,expF,0.6,0.0,,0.9710108562369966,0.00006862760488554223,0.9709210427873551,0.9674529329334369,0.9712211537905541,8.250719584879107e-7,0.00001042255777495436,2,4.648681974873087,0.9798009275578584,0.9980639054423914,folds0-4
0.01,fold,expF,0.5,0.0,,0.9710108374133053,0.00008090325106729625,0.9709347698288303,0.9565218494785622,0.9718676107557949,8.062482673265592e-7,0.00006946285060130973,2,4.648681974873087,0.9798009275578584,0.9980639054423914,folds0-4
0.01,fold,expF,0.5,0.2,,0.9710104378482025,0.00007603074449617858,0.970938654075111,0.9565218494785622,0.9718671888190646,4.066831645888058e-7,0.000059356362473372774,2,4.648681974873087,0.9798009275578584,0.9980639054423914,folds0-4
0.0,fold,expF,0.6,0.2,,0.971010031165038,0.00007126400686388298,0.9709236728422838,0.9674529329334369,0.9712202809326922,0.0,0.0,0,12.0,0.9817015887028319,1.0,folds0-4
0.01,fold,expF,0.6,0.2,,0.9710094768045867,0.00007112366603995846,0.9709262676018086,0.9674529329334369,0.9712196939160342,-5.54360451432423e-7,2.3924327593981763e-6,2,4.648681974873087,0.9798009275578584,0.9980639054423914,folds0-4
0.03,fold,expF,0.6,0.0,,0.9710092033479875,0.00006499781205306773,0.9709236483705357,0.9674529329334369,0.9712194025289242,-8.278170505748861e-7,0.000013248851088209153,2,4.022073831797245,0.9763402379723629,0.9945387130097855,folds0-4
0.03,fold,expF,0.5,0.0,,0.9710091090008431,0.0000794225903937079,0.9709373754120108,0.9565218494785622,0.9718657795070911,-9.221641948720105e-7,0.0000716735267282214,2,4.022073831797245,0.9763402379723629,0.9945387130097855,folds0-4
0.03,fold,expF,0.5,0.2,,0.971009043539075,0.00007592643908703536,0.9709386991726671,0.9565218494785622,0.9718657117032015,-9.876259630559047e-7,0.000060669215172204935,2,4.022073831797245,0.9763402379723629,0.9945387130097855,folds0-4
0.03,fold,expF,0.6,0.2,,0.9710083845885867,0.00007046091122206333,0.970925800489934,0.9674529329334369,0.9712185368052912,-1.6465764512529902e-6,2.667135359447819e-6,1,4.022073831797245,0.9763402379723629,0.9945387130097855,folds0-4
0.0,global,expF,0.5,0.4,,0.9710077190605857,0.00007919969142806867,0.9709259929494369,0.9566516709985902,0.971856631595176,-2.3121044523177758e-6,0.000054584531120684526,2,12.0,0.9817015887028319,1.0,folds0-4
0.01,global,expF,0.5,0.4,,0.9710068226201287,0.000080542005194683,0.9709230320867889,0.9566516709985902,0.9718556822810145,-3.208544909405475e-6,0.00005470241119137121,1,4.648681974873087,0.9798009275578584,0.9980639054423914,folds0-4
0.0,global,expF,0.6,0.4,,0.9710055334011386,0.00007662776415433544,0.9709189686144203,0.9674772987460667,0.9712140787919266,-4.497763899502516e-6,9.246249479836532e-6,2,12.0,0.9817015887028319,1.0,folds0-4
0.01,global,expF,0.6,0.4,,0.9710046369606815,0.00007800200922336078,0.9709160077517722,0.9674772987460667,0.9712131294777648,-5.39420435661242e-6,9.820977906306277e-6,2,4.648681974873087,0.9798009275578584,0.9980639054423914,folds0-4
0.01,none,expF,0.6,0.0,,0.9710044286598816,0.0000698336164704231,0.9709136832467076,0.9674529329334369,0.9712143460135193,-5.602505156532267e-6,0.000010346381452676775,1,4.648681974873087,0.9798009275578584,0.9980639054423914,folds0-4
0.0,none,expF,0.6,0.0,,0.9710037569644923,0.00007063861552546291,0.9709099494039559,0.9674529329334369,0.9712136346590349,-6.27420054568617e-6,0.000010162440654779815,1,12.0,0.9817015887028319,1.0,folds0-4
0.03,none,expF,0.6,0.0,,0.9710037063237001,0.00006550645268070844,0.9709180488605988,0.9674529329334369,0.9712135802594147,-6.3248413379790595e-6,0.000012111554888664024,2,4.022073831797245,0.9763402379723629,0.9945387130097855,folds0-4
0.03,global,expF,0.5,0.4,,0.9710035327125917,0.00008160217479156926,0.970919842684935,0.9566516709985902,0.9718521979537904,-6.498452446357384e-6,0.00005544757643984447,1,4.022073831797245,0.9763402379723629,0.9945387130097855,folds0-4
0.01,none,expF,0.5,0.0,,0.9710030631647483,0.00008603220189335352,0.9709183474738164,0.9564812035991578,0.9718617764240578,-6.968000289830911e-6,0.00007135477636334915,1,4.648681974873087,0.9798009275578584,0.9980639054423914,folds0-4
0.0,none,expF,0.5,0.0,,0.971002391469359,0.00008598720295112779,0.9709146136310646,0.9564812035991578,0.9718610650695736,-7.639695679029224e-6,0.00007047631513818168,1,12.0,0.9817015887028319,1.0,folds0-4
0.03,none,expF,0.5,0.0,,0.9710022653051137,0.00008275285430067421,0.9709227130877075,0.9564812035991578,0.9718609306828793,-7.765859924346863e-6,0.0000718382913530208,1,4.022073831797245,0.9763402379723629,0.9945387130097855,folds0-4
0.01,none,expF,0.6,0.2,,0.9710019169945582,0.00007469947891841192,0.9709132722403644,0.9674529329334369,0.9712116873337642,-8.114170479922578e-6,3.7377238627320806e-6,0,4.648681974873087,0.9798009275578584,0.9980639054423914,folds0-4
0.03,global,expF,0.6,0.4,,0.9710016618971562,0.0000791230311893624,0.9709128183499184,0.9674772987460667,0.9712099786758378,-8.369267881813692e-6,0.000010846564531872573,2,4.022073831797245,0.9763402379723629,0.9945387130097855,folds0-4
0.01,none,expF,0.5,0.2,,0.9710015862928797,0.00008331947721782815,0.9709200991845378,0.9564812035991578,0.9718602137988663,-8.444872158364091e-6,0.00006169097422376161,1,4.648681974873087,0.9798009275578584,0.9980639054423914,folds0-4
0.03,none,expF,0.6,0.2,,0.9710011322068113,0.00007257534138997274,0.9709139176444299,0.9674529329334369,0.971210855575713,-8.898958226843945e-6,2.0266763980110785e-6,0,4.022073831797245,0.9763402379723629,0.9945387130097855,folds0-4
0.03,none,expF,0.5,0.2,,0.9710008518547859,0.00008099658670138963,0.9709207445886034,0.9564812035991578,0.9718594353069456,-9.179310252149797e-6,0.00006173191481778783,1,4.022073831797245,0.9763402379723629,0.9945387130097855,folds0-4
0.0,none,expF,0.6,0.2,,0.9710006703292897,0.00007557525873583158,0.9709085031475784,0.9674529329334369,0.9712103667753926,-9.360835748362106e-6,4.376368515469362e-6,0,12.0,0.9817015887028319,1.0,folds0-4
0.0,none,expF,0.5,0.2,,0.9710004906745173,0.00008405730161625995,0.9709160853262824,0.9564812035991578,0.971859053211572,-9.540490520665302e-6,0.00006193105686910165,1,12.0,0.9817015887028319,1.0,folds0-4
0.0,fold,expF,0.5,0.4,,0.9709851229978564,0.00008146995704552722,0.9709096705429511,0.9565218494785622,0.9718403770671074,-0.00002490816718161426,0.00005862385842602535,1,12.0,0.9817015887028319,1.0,folds0-4
0.01,fold,expF,0.5,0.4,,0.9709839906875233,0.00008309424733128638,0.9709073983384414,0.9565218494785622,0.9718391779098065,-0.000026040477514732706,0.00005880646762718671,1,4.648681974873087,0.9798009275578584,0.9980639054423914,folds0-4
0.0,fold,expF,0.6,0.4,,0.9709832331967835,0.00007724642116273381,0.9708947302489952,0.9674529329334369,0.9711918984357766,-0.000026797968254599346,7.280792242611097e-6,0,12.0,0.9817015887028319,1.0,folds0-4
0.01,fold,expF,0.6,0.4,,0.9709821008864503,0.00007902203597269145,0.9708922530929286,0.9674529329334369,0.9711906992784757,-0.000027930278587695588,9.19925768654836e-6,0,4.648681974873087,0.9798009275578584,0.9980639054423914,folds0-4
0.03,fold,expF,0.5,0.4,,0.9709819715968419,0.00008375416643695562,0.9709042667784201,0.9565218494785622,0.9718370393958284,-0.00002805956819615929,0.000059916970710008536,1,4.022073831797245,0.9763402379723629,0.9945387130097855,folds0-4
0.03,fold,expF,0.6,0.4,,0.9709802455933879,0.00007888702307211389,0.9708903032716555,0.9674529329334369,0.9711887342730285,-0.000029785571650187138,9.006054590707316e-6,0,4.022073831797245,0.9763402379723629,0.9945387130097855,folds0-4
0.01,none,expF,0.5,0.4,,0.9709776270286163,0.0000862682390452929,0.9708962818212575,0.9564812035991578,0.971834837581441,-0.00003240413642182638,0.00006064986601873161,1,4.648681974873087,0.9798009275578584,0.9980639054423914,folds0-4
0.0,none,expF,0.5,0.4,,0.9709773195357366,0.00008523675375007824,0.970898049536573,0.9564812035991578,0.9718345116421572,-0.00003271162930149618,0.000060456857390035385,1,12.0,0.9817015887028319,1.0,folds0-4
0.01,none,expF,0.6,0.4,,0.970976254858171,0.0000783097613617375,0.9708884793658155,0.9674529329334369,0.9711845075133712,-0.00003377630686702826,8.88020789035037e-6,0,4.648681974873087,0.9798009275578584,0.9980639054423914,folds0-4
0.0,none,expF,0.6,0.4,,0.9709759473652915,0.00007732767213680176,0.970890247081131,0.9674529329334369,0.9711841815740874,-0.00003408379974658704,8.918434911072908e-6,0,12.0,0.9817015887028319,1.0,folds0-4
0.03,none,expF,0.5,0.4,,0.9709748518466867,0.00008547280925589493,0.9708917102474919,0.9564812035991578,0.9718318978451199,-0.00003517931835133048,0.00006057125127414076,1,4.022073831797245,0.9763402379723629,0.9945387130097855,folds0-4
0.03,none,expF,0.6,0.4,,0.9709736434738605,0.00007736712952852615,0.9708839077920497,0.9674529329334369,0.971181741285581,-0.0000363876911774863,7.433466684486646e-6,0,4.022073831797245,0.9763402379723629,0.9945387130097855,folds0-4
0.0,global,expF,0.4,0.2,,0.9709392907517393,0.00007912388530624148,0.9708312478047998,0.9508410657616031,0.9721277915536144,-0.00007074041329862002,0.00006002521909990085,1,12.0,0.9817015887028319,1.0,folds0-4
0.01,global,expF,0.4,0.2,,0.9709390766613412,0.00007909538986885957,0.9708269673251068,0.9508896992307981,0.9721246852621125,-0.00007095450369678513,0.00005743042114988927,1,4.648681974873087,0.9798009275578584,0.9980639054423914,folds0-4
0.03,global,expF,0.4,0.2,,0.9709379189431434,0.0000792534582822751,0.9708325157139008,0.9510438986207508,0.9721143403773551,-0.00007211222189462685,0.00005737626101005198,1,4.022073831797245,0.9763402379723629,0.9945387130097855,folds0-4
0.0,global,expF,0.0,0.2,,0.9709359843563459,0.00007370436094483588,0.9708333524897739,0.950500342003499,0.9721444470517213,-0.00007404680869222968,0.00005700367946450043,1,12.0,0.9817015887028319,1.0,folds0-4
0.01,global,expF,0.0,0.2,,0.9709357702659476,0.00007381760959254205,0.9708290720100807,0.9505489754726941,0.9721413407602194,-0.0000742608990903948,0.000054459719142359216,1,4.648681974873087,0.9798009275578584,0.9980639054423914,folds0-4
0.03,global,expF,0.0,0.2,,0.9709339652038664,0.00007597691248330518,0.970830736335575,0.9507112950412907,0.9721298304508469,-0.00007606596117151198,0.00005548725513876231,1,4.022073831797245,0.9763402379723629,0.9945387130097855,folds0-4
0.0,global,expF,0.4,0.0,,0.9709318285570943,0.0000873506685816383,0.9708021281502153,0.9496890506789757,0.9721880406336523,-0.0000782026079438447,0.00006780991922146217,1,12.0,0.9817015887028319,1.0,folds0-4
0.01,global,expF,0.4,0.0,,0.9709309864512015,0.00008563214260372966,0.9708047813658232,0.9497295663326621,0.9721847482227292,-0.0000790447138364403,0.00006915239333347596,1,4.648681974873087,0.9798009275578584,0.9980639054423914,folds0-4
0.01,global,expF,0.4,0.4,,0.9709308633510263,0.00007722644544595335,0.9708332873449542,0.9519689343098117,0.972052155231338,-0.00007916781401178241,0.00004769976199434435,1,4.648681974873087,0.9798009275578584,0.9980639054423914,folds0-4
0.0,global,expF,0.4,0.4,,0.9709308022623742,0.0000770532207475052,0.9708317168004191,0.9519202421188251,0.97205497013077,-0.00007922890266387483,0.00004770592693408218,1,12.0,0.9817015887028319,1.0,folds0-4
0.01,global,expF,0.0,0.4,,0.9709302455169061,0.00007039049112396949,0.9708428364845865,0.9517092610593926,0.9720668587387358,-0.00007978564813189148,0.000044622477931578164,0,4.648681974873087,0.9798009275578584,0.9980639054423914,folds0-4
0.0,global,expF,0.0,0.4,,0.9709301844282541,0.00007022958966833195,0.9708412659400514,0.9516605688684059,0.9720696736381678,-0.00007984673678389509,0.00004467496815934445,0,12.0,0.9817015887028319,1.0,folds0-4
0.03,global,expF,0.4,0.4,,0.9709288006997724,0.00007770416621027575,0.9708323636466918,0.9520743237899809,0.9720437311849421,-0.00008123046526555821,0.0000486245989824574,1,4.022073831797245,0.9763402379723629,0.9945387130097855,folds0-4
0.03,global,expF,0.4,0.0,,0.9709274212482093,0.0000840693722927849,0.9708068331183192,0.9498188400421437,0.9721756920902604,-0.0000826099168286909,0.00007019376708497233,1,4.022073831797245,0.9763402379723629,0.9945387130097855,folds0-4
0.03,global,expF,0.0,0.4,,0.9709273177798533,0.00007107381028037255,0.9708398530557862,0.951822773356555,0.9720570384866718,-0.0000827133851848405,0.000046165618288961075,0,4.022073831797245,0.9763402379723629,0.9945387130097855,folds0-4
0.0,global,expF,0.0,0.0,,0.9709252814813712,0.00008012484951827062,0.9708017288730854,0.9492184353937875,0.9722089425473486,-0.00008474968366671831,0.00006376067555478427,1,12.0,0.9817015887028319,1.0,folds0-4
0.01,global,expF,0.0,0.0,,0.9709246093032482,0.00007947901115326748,0.9708029660239484,0.9492670712261179,0.9722053501906558,-0.00008542186178992495,0.00006631428501572619,1,4.648681974873087,0.9798009275578584,0.9980639054423914,folds0-4
0.03,global,expF,0.0,0.0,,0.9709207204293409,0.00007862490631371891,0.9708033994167361,0.9493644651142432,0.9721954712553413,-0.00008931073569726778,0.00006881513924077189,1,4.022073831797245,0.9763402379723629,0.9945387130097855,folds0-4
0.01,fold,expF,0.4,0.2,,0.9709066207404126,0.00008110226103988507,0.9707946097955898,0.9499161126738705,0.9721479025891725,-0.00010341042462542749,0.000059703155040325434,1,4.648681974873087,0.9798009275578584,0.9980639054423914,folds0-4
0.0,fold,expF,0.4,0.2,,0.9709050415653685,0.00008156955304735711,0.9707953191871357,0.9498511824887312,0.972150069482263,-0.000104989599669425,0.00006253281668188215,1,12.0,0.9817015887028319,1.0,folds0-4
0.03,fold,expF,0.4,0.2,,0.9709038427337344,0.00007533355732061756,0.9708069681844032,0.9500459538910266,0.9721372807219394,-0.00010618843130365541,0.000057905056847997855,0,4.022073831797245,0.9763402379723629,0.9945387130097855,folds0-4
0.0,fold,expF,0.4,0.4,,0.970903528439495,0.00007423993415971694,0.9708143920186266,0.950987446127467,0.9720812751484814,-0.00010650272554300067,0.00005726028288885588,0,12.0,0.9817015887028319,1.0,folds0-4
0.01,fold,expF,0.4,0.4,,0.9709004820495861,0.00007574748271235917,0.9708130391321452,0.951027990850038,0.972075648962764,-0.00010954911545191237,0.00005589570543627218,0,4.648681974873087,0.9798009275578584,0.9980639054423914,folds0-4
0.0,fold,expF,0.0,0.4,,0.9708981824062993,0.00006933524839044971,0.9708147802614859,0.9505492358234735,0.9721015299026157,-0.00011184875873866406,0.00005443611024360057,0,12.0,0.9817015887028319,1.0,folds0-4
0.0,fold,expF,0.4,0.0,,0.9708980685496323,0.00008916099249554734,0.9707693979349322,0.9486667016487914,0.9722127554747694,-0.00011196261540575847,0.00007465996317626632,1,12.0,0.9817015887028319,1.0,folds0-4
0.01,fold,expF,0.0,0.2,,0.9708974496977927,0.0000758794648445681,0.9707905107683489,0.9493401519346604,0.9721722654068449,-0.0001125814672452874,0.00005508184328499399,0,4.648681974873087,0.9798009275578584,0.9980639054423914,folds0-4
0.03,fold,expF,0.4,0.4,,0.9708974317032795,0.00007557900298494217,0.970814002358347,0.9511414562074899,0.972065698718294,-0.00011259946175861124,0.000055490662085901314,0,4.022073831797245,0.9763402379723629,0.9945387130097855,folds0-4
0.01,fold,expF,0.0,0.4,,0.9708959667743742,0.0000711305800021222,0.9708134273750045,0.9505979007246882,0.9720963036438548,-0.00011406439066392604,0.000053458792978601405,0,4.648681974873087,0.9798009275578584,0.9980639054423914,folds0-4
0.03,fold,expF,0.4,0.0,,0.9708958263863192,0.00008557252723907065,0.9707790345700166,0.9488289841462499,0.9722007800527808,-0.00011420477871877388,0.00007901296938722728,1,4.022073831797245,0.9763402379723629,0.9945387130097855,folds0-4
0.0,fold,expF,0.0,0.2,,0.970895417383057,0.00007589021499708115,0.9707912201598948,0.9492671262222998,0.9721744322999355,-0.00011461378198105444,0.0000585048065761763,0,12.0,0.9817015887028319,1.0,folds0-4
0.01,fold,expF,0.4,0.0,,0.9708950281961595,0.00008811080811955282,0.9707696318760614,0.9486991410627749,0.9722076146701024,-0.00011500296887856365,0.000075902826309709,1,4.648681974873087,0.9798009275578584,0.9980639054423914,folds0-4
0.03,fold,expF,0.0,0.2,,0.9708928355884636,0.00007375716388088708,0.9707951010305624,0.9494781133304603,0.9721592192223222,-0.0001171955765744359,0.00005501272724765171,0,4.022073831797245,0.9763402379723629,0.9945387130097855,folds0-4
0.03,fold,expF,0.0,0.4,,0.9708918659665198,0.0000713625400448864,0.9708102711401306,0.9507276435105659,0.9720842810076086,-0.0001181651985182386,0.00005319239214974328,0,4.022073831797245,0.9763402379723629,0.9945387130097855,folds0-4
0.03,none,expF,0.4,0.2,,0.9708825802704772,0.0000816009783536144,0.9707779895754353,0.9495834747960178,0.9721421184231611,-0.0001274508945606767,0.00006351893324499881,0,4.022073831797245,0.9763402379723629,0.9945387130097855,folds0-4
0.0,fold,expF,0.0,0.0,,0.9708818339018521,0.00008471473325508244,0.9707566451786956,0.9478958726200674,0.9722411552534208,-0.00012819726318589187,0.0000708913623312706,0,12.0,0.9817015887028319,1.0,folds0-4
0.03,fold,expF,0.0,0.0,,0.9708807228728661,0.00008268306781094866,0.970762874676182,0.9481068173803919,0.9722274982136069,-0.00012930829217188132,0.00007573971917380903,0,4.022073831797245,0.9763402379723629,0.9945387130097855,folds0-4
0.01,none,expF,0.4,0.2,,0.9708804367269256,0.00009511786391345884,0.970752165191575,0.9492587009284383,0.9721590472022976,-0.00012959443811249026,0.00006935125903874669,0,4.648681974873087,0.9798009275578584,0.9980639054423914,folds0-4
0.0,none,expF,0.4,0.2,,0.9708799515912917,0.00009662005417982097,0.9707533435707171,0.949128928711256,0.9721662125758934,-0.0001300795737463112,0.00007322080054302851,0,12.0,0.9817015887028319,1.0,folds0-4
0.01,fold,expF,0.0,0.0,,0.9708799246827062,0.00008491313254202296,0.9707557376858184,0.9479526039796188,0.972235772674285,-0.0001301064823316711,0.0000724427876340288,0,4.648681974873087,0.9798009275578584,0.9980639054423914,folds0-4
0.03,none,expF,0.4,0.4,,0.9708770181999811,0.00008157279353379308,0.9707837140045028,0.9507196098001405,0.9720690352113002,-0.0001330129650569445,0.00006341338846333432,0,4.022073831797245,0.9763402379723629,0.9945387130097855,folds0-4
0.03,none,expF,0.4,0.0,,0.9708740110727294,0.00008713355146518114,0.9707561725565248,0.9483260279725915,0.9722074315891458,-0.00013602009230866406,0.00007946874367996592,0,4.022073831797245,0.9763402379723629,0.9945387130097855,folds0-4
0.01,none,expF,0.4,0.4,,0.9708715028852737,0.00008729850345849694,0.9707665995581775,0.9503709698288055,0.9720838324717433,-0.00013852827976426063,0.00006365754928361858,0,4.648681974873087,0.9798009275578584,0.9980639054423914,folds0-4
0.0,none,expF,0.4,0.4,,0.9708714695333989,0.0000876745817696392,0.9707623339794593,0.9502491999842639,0.9720909960655598,-0.0001385616316391891,0.00006365207170468233,0,12.0,0.9817015887028319,1.0,folds0-4
0.03,none,expF,0.0,0.4,,0.9708672584625969,0.00007753748786545017,0.9707752454060495,0.9501920868492084,0.9720898943652874,-0.00014277270244118513,0.00006173675201004335,0,4.022073831797245,0.9763402379723629,0.9945387130097855,folds0-4
0.03,none,expF,0.0,0.2,,0.9708663973207191,0.00008240778165676823,0.9707568536341745,0.9488695065805335,0.9721672136460315,-0.00014363384431894665,0.0000641923194041325,0,4.022073831797245,0.9763402379723629,0.9945387130097855,folds0-4
0.01,none,expF,0.4,0.0,,0.9708662933879004,0.00009036511608707308,0.9707405728289918,0.947993294080207,0.9722189363259387,-0.00014373777713749814,0.00007557644897535364,0,4.648681974873087,0.9798009275578584,0.9980639054423914,folds0-4
0.01,none,expF,0.0,0.2,,0.9708662660997825,0.00009257950832521937,0.9707387973769139,0.9485285362946072,0.9721872334197913,-0.0001437650652554856,0.00006736573267246643,0,4.648681974873087,0.9798009275578584,0.9980639054423914,folds0-4
0.0,none,expF,0.0,0.2,,0.9708649629579046,0.00009433902382702621,0.9707381514232938,0.9483743911217781,0.9721949720856827,-0.00014506820713340308,0.00007189726480241634,0,12.0,0.9817015887028319,1.0,folds0-4
0.0,none,expF,0.4,0.0,,0.9708642210767435,0.00008745748552829654,0.9707399678150095,0.947839282133865,0.9722258613777226,-0.00014581008829457344,0.00007182531014981432,0,12.0,0.9817015887028319,1.0,folds0-4
0.01,none,expF,0.0,0.4,,0.9708620635489918,0.00008409729364644405,0.9707577190136166,0.9498028282882407,0.9721074306948404,-0.00014796761604629616,0.00006112611322382758,0,4.648681974873087,0.9798009275578584,0.9980639054423914,folds0-4
0.0,none,expF,0.0,0.4,,0.9708614819174908,0.00008415948480497537,0.9707532474618447,0.949656719920841,0.9721154532851187,-0.0001485492475472805,0.00006170799138345295,0,12.0,0.9817015887028319,1.0,folds0-4
0.03,none,expF,0.0,0.0,,0.9708529746403454,0.00008660277752612295,0.9707321599400147,0.9474415810724098,0.9722374645433943,-0.00015705652469268915,0.000079683544251902,0,4.022073831797245,0.9763402379723629,0.9945387130097855,folds0-4
0.01,none,expF,0.0,0.0,,0.9708440670110162,0.00008948771711186394,0.9707165602124819,0.9470520030159552,0.9722510685026162,-0.00016596415402183595,0.00007474386750904894,0,4.648681974873087,0.9798009275578584,0.9980639054423914,folds0-4
0.0,none,expF,0.0,0.0,,0.9708405803515564,0.0000868023276707129,0.9707134148641695,0.9468655172228406,0.9722584151858046,-0.000169450813481542,0.00007060920094137316,0,12.0,0.9817015887028319,1.0,folds0-4
0.0,global,expF,0.7,0.0,,0.9707443554982579,0.00007400223195599364,0.9706666577278259,0.9759648396481264,0.970435434624401,-0.0002656756667802629,0.000044716210226915544,0,12.0,0.9817015887028319,1.0,folds0-4
0.01,global,expF,0.7,0.0,,0.97074343786703,0.00007399349630170554,0.9706659274542051,0.9759648396481264,0.970434462706374,-0.0002665932980080443,0.00004516837738200547,0,4.648681974873087,0.9798009275578584,0.9980639054423914,folds0-4
0.0,global,expF,0.7,0.2,,0.9707428787760282,0.00008031066486315568,0.9706604324464144,0.9759648396481264,0.9704338715468837,-0.00026715238900973934,0.00005081171663165753,0,12.0,0.9817015887028319,1.0,folds0-4
0.01,global,expF,0.7,0.2,,0.97074181504781,0.0000811548030724803,0.9706587027487508,0.9759648396481264,0.9704327450414569,-0.00026821611722802616,0.00005277731995594081,0,4.648681974873087,0.9798009275578584,0.9980639054423914,folds0-4
0.03,global,expF,0.7,0.0,,0.9707391387320206,0.00007253150133440669,0.9706606098688791,0.9759648396481264,0.9704299090820921,-0.0002708924330174778,0.00004486358112946169,0,4.022073831797245,0.9763402379723629,0.9945387130097855,folds0-4
0.03,global,expF,0.7,0.2,,0.970739120788461,0.0000819939829597633,0.970652803280616,0.9759648396481264,0.9704298915755665,-0.0002709103765770271,0.000051111054954747044,0,4.022073831797245,0.9763402379723629,0.9945387130097855,folds0-4
0.0,fold,expF,0.7,0.0,,0.9707251234186346,0.00007653520415862223,0.9706482597858664,0.9759567168311335,0.9704155449621823,-0.00028490774640341774,0.00003944868992374807,0,12.0,0.9817015887028319,1.0,folds0-4
0.01,fold,expF,0.7,0.0,,0.9707238201035553,0.00007561712941104342,0.9706481302998823,0.9759567168311335,0.9704141643736666,-0.000286211061482744,0.00003893731008798551,0,4.648681974873087,0.9798009275578584,0.9980639054423914,folds0-4
0.03,fold,expF,0.7,0.0,,0.9707221672145462,0.00007163211817731031,0.9706488480693464,0.9759567168311335,0.9704124131120366,-0.0002878639504918512,0.0000384871294891005,0,4.022073831797245,0.9763402379723629,0.9945387130097855,folds0-4
0.0,fold,expF,0.7,0.2,,0.9707216480069721,0.00008538556648433203,0.9706368353923308,0.9759567168311335,0.970411865488354,-0.00028838315806589687,0.000047517252637485855,0,12.0,0.9817015887028319,1.0,folds0-4
0.01,fold,expF,0.7,0.2,,0.9707210936465207,0.00008613264227887319,0.9706346939150289,0.9759567168311335,0.9704112784716962,-0.0002889375185172405,0.00004910939765627615,0,4.648681974873087,0.9798009275578584,0.9980639054423914,folds0-4
0.03,fold,expF,0.7,0.2,,0.9707200014305208,0.00008469316252671607,0.9706347390125847,0.9759567168311335,0.9704101213609532,-0.00029002973451717204,0.000047550587674997536,0,4.022073831797245,0.9763402379723629,0.9945387130097855,folds0-4
0.01,none,expF,0.7,0.0,,0.9707174485441058,0.0000766333143913324,0.9706417696913464,0.9759567168311335,0.9704074159707782,-0.00029258262093214695,0.00003776600260259566,0,4.648681974873087,0.9798009275578584,0.9980639054423914,folds0-4
0.03,none,expF,0.7,0.0,,0.9707168017313774,0.00007221109769444164,0.9706454556941766,0.9759567168311335,0.9704067302022121,-0.000293229433660569,0.00003754510226684961,0,4.022073831797245,0.9763402379723629,0.9945387130097855,folds0-4
0.0,none,expF,0.7,0.0,,0.970716604223681,0.00007751303581162615,0.9706422895229428,0.9759567168311335,0.9704065218143543,-0.00029342694135690015,0.00003787422499850154,0,12.0,0.9817015887028319,1.0,folds0-4
0.0,global,expF,0.7,0.4,,0.9707161174106955,0.00009372704139615818,0.9706237959503752,0.9759648396481264,0.9704055292786379,-0.00029391375434248965,0.00005510552688588069,0,12.0,0.9817015887028319,1.0,folds0-4
0.01,global,expF,0.7,0.4,,0.970715318071821,0.00009462917425795619,0.9706225707422698,0.9759648396481264,0.9704046827793416,-0.0002947130932170694,0.000054891057730486895,0,4.648681974873087,0.9798009275578584,0.9980639054423914,folds0-4
0.01,none,expF,0.7,0.2,,0.9707131870634349,0.00008841240236984552,0.9706249600636545,0.9759567168311335,0.9704029045447692,-0.0002968441016031331,0.00004862103167465662,0,4.648681974873087,0.9798009275578584,0.9980639054423914,folds0-4
0.03,none,expF,0.7,0.2,,0.9707129561136594,0.00008635108673319227,0.9706284197907173,0.9759567168311335,0.9704026595011781,-0.00029707505137879233,0.000047011364719280934,0,4.022073831797245,0.9763402379723629,0.9945387130097855,folds0-4
0.03,global,expF,0.7,0.4,,0.9707125172931874,0.00009572264816252546,0.9706168920973164,0.9759648396481264,0.9704017165594268,-0.00029751387185064095,0.00005571226148687973,0,4.022073831797245,0.9763402379723629,0.9945387130097855,folds0-4
0.0,none,expF,0.7,0.2,,0.9707120031709067,0.00008845110771522464,0.9706256871286808,0.9759567168311335,0.9704016505439423,-0.0002980279941313002,0.00004718103017850179,0,12.0,0.9817015887028319,1.0,folds0-4
0.0,fold,expF,0.7,0.4,,0.9706927749995915,0.00009060439507307356,0.9706036784423463,0.9759567168311335,0.9703812852169481,-0.0003172561654465111,0.0000481636545602843,0,12.0,0.9817015887028319,1.0,folds0-4
0.01,fold,expF,0.7,0.4,,0.9706917397908409,0.0000917606495236768,0.970601891745749,0.9759567168311335,0.9703801888745126,-0.0003182913741970772,0.000047882871196964775,0,4.648681974873087,0.9798009275578584,0.9980639054423914,folds0-4
0.03,fold,expF,0.7,0.4,,0.97069005878267,0.00009146034631664201,0.9705987601857275,0.9759567168311335,0.9703784084510776,-0.00031997238236793903,0.00004788713100746737,0,4.022073831797245,0.9763402379723629,0.9945387130097855,folds0-4
0.01,none,expF,0.7,0.4,,0.9706857781363579,0.00009206672683658268,0.9705955052346047,0.9759567168311335,0.9703738746682922,-0.000324253028680066,0.00004899212209759175,0,4.648681974873087,0.9798009275578584,0.9980639054423914,folds0-4
0.0,none,expF,0.7,0.4,,0.9706852852677301,0.00009108446508390979,0.9705962838062386,0.9759567168311335,0.9703733524245525,-0.00032474589730804306,0.00004844347541782884,0,12.0,0.9817015887028319,1.0,folds0-4
0.03,none,expF,0.7,0.4,,0.9706834165603923,0.00009007505348512102,0.9705971042732017,0.9759567168311335,0.970371373008053,-0.00032661460464584736,0.000047058878009907566,0,4.022073831797245,0.9763402379723629,0.9945387130097855,folds0-4
0.03,global,thr,,,0.7,0.9705274033778988,0.00007825966291843874,0.9704400103200052,0.9759648396481264,0.970205649296144,-0.0004826277871393003,0.00005302973464183918,0,4.022073831797245,0.9763402379723629,0.9945387130097855,folds0-4
0.0,global,thr,,,0.7,0.970527135981273,0.00007780880999976619,0.9704406011721948,0.9759648396481264,0.9702053660431107,-0.0004828951837649864,0.00005320281829184621,0,12.0,0.9817015887028319,1.0,folds0-4
0.01,global,thr,,,0.7,0.970527135981273,0.00007780880999976619,0.9704406011721948,0.9759648396481264,0.9702053660431107,-0.0004828951837649864,0.00005320281829184621,0,4.648681974873087,0.9798009275578584,0.9980639054423914,folds0-4
0.03,fold,thr,,,0.7,0.9705231834192718,0.00007881835064670054,0.9704335505699921,0.9759567168311335,0.9702016597272947,-0.0004868477457661724,0.00005332000363365814,0,4.022073831797245,0.9763402379723629,0.9945387130097855,folds0-4
0.0,fold,thr,,,0.7,0.9705229160226463,0.00007835251624046358,0.9704341414221817,0.9759567168311335,0.9702013764742615,-0.0004871151423918141,0.000053465486386741684,0,12.0,0.9817015887028319,1.0,folds0-4
0.01,fold,thr,,,0.7,0.9705229160226463,0.00007835251624046358,0.9704341414221817,0.9759567168311335,0.9702013764742615,-0.0004871151423918141,0.000053465486386741684,0,4.648681974873087,0.9798009275578584,0.9980639054423914,folds0-4
0.03,none,thr,,,0.7,0.9705223023249063,0.0000798461650460373,0.9704315921267465,0.9759567168311335,0.9702007266562729,-0.00048772884013172926,0.00005410536654572076,0,4.022073831797245,0.9763402379723629,0.9945387130097855,folds0-4
0.0,none,thr,,,0.7,0.9705220349282808,0.0000793805571312169,0.9704321829789361,0.9759567168311335,0.9702004434032396,-0.0004879962367572821,0.00005424024807727251,0,12.0,0.9817015887028319,1.0,folds0-4
0.01,none,thr,,,0.7,0.9705220349282808,0.0000793805571312169,0.9704321829789361,0.9759567168311335,0.9702004434032396,-0.0004879962367572821,0.00005424024807727251,0,4.648681974873087,0.9798009275578584,0.9980639054423914,folds0-4
0.03,global,thr,,,0.65,0.9705063304974741,0.00009050862047841806,0.9704254873010144,0.9717861111159882,0.9704305027077705,-0.0005037006675638666,0.00005238728705320233,0,4.022073831797245,0.9763402379723629,0.9945387130097855,folds0-4
0.0,global,thr,,,0.65,0.9705055137912482,0.0000896687000492997,0.9704257876783846,0.9717861111159882,0.970429637581892,-0.0005045173737899588,0.000052367223772340625,0,12.0,0.9817015887028319,1.0,folds0-4
0.01,global,thr,,,0.65,0.9705055137912482,0.0000896687000492997,0.9704257876783846,0.9717861111159882,0.970429637581892,-0.0005045173737899588,0.000052367223772340625,0,4.648681974873087,0.9798009275578584,0.9980639054423914,folds0-4
0.03,fold,thr,,,0.65,0.9704963021961415,0.00009111296877561322,0.9704130555663787,0.9717617453033582,0.970421321105945,-0.0005137289688966096,0.0000521403464926433,0,4.022073831797245,0.9763402379723629,0.9945387130097855,folds0-4
0.0,fold,thr,,,0.65,0.9704954854899153,0.00009025737647844713,0.9704133559437488,0.9717617453033582,0.9704204559800665,-0.0005145456751227462,0.000052083294397071726,0,12.0,0.9817015887028319,1.0,folds0-4
0.01,fold,thr,,,0.65,0.9704954854899153,0.00009025737647844713,0.9704133559437488,0.9717617453033582,0.9704204559800665,-0.0005145456751227462,0.000052083294397071726,0,4.648681974873087,0.9798009275578584,0.9980639054423914,folds0-4
0.03,none,thr,,,0.65,0.9704942611100705,0.00009239162185264794,0.9704093251324246,0.9717617453033582,0.9704191595523529,-0.0005157700549674349,0.00005395418726560104,0,4.022073831797245,0.9763402379723629,0.9945387130097855,folds0-4
0.0,none,thr,,,0.65,0.9704934444038444,0.00009154806043227515,0.9704096255097948,0.9717617453033582,0.9704182944264744,-0.0005165867611935049,0.00005389919106105735,0,12.0,0.9817015887028319,1.0,folds0-4
0.01,none,thr,,,0.65,0.9704934444038444,0.00009154806043227515,0.9704096255097948,0.9717617453033582,0.9704182944264744,-0.0005165867611935049,0.00005389919106105735,0,4.648681974873087,0.9798009275578584,0.9980639054423914,folds0-4
0.03,global,thr,,,0.6,0.9702125565091556,0.00009959689669739994,0.9701073486725619,0.9674772987460667,0.9703741982070525,-0.0007974746558824907,0.00003164130974669149,0,4.022073831797245,0.9763402379723629,0.9945387130097855,folds0-4
0.0,global,thr,,,0.6,0.9702116506463417,0.0000978417181658137,0.9701077017264442,0.9674772987460667,0.9703732385956625,-0.00079838051869634,0.00003017462382350723,0,12.0,0.9817015887028319,1.0,folds0-4
0.01,global,thr,,,0.6,0.9702116506463417,0.0000978417181658137,0.9701077017264442,0.9674772987460667,0.9703732385956625,-0.00079838051869634,0.00003017462382350723,0,4.648681974873087,0.9798009275578584,0.9980639054423914,folds0-4
0.03,fold,thr,,,0.6,0.9701903375748397,0.00009773664937493833,0.9700911326326177,0.9674529329334369,0.9703521045004363,-0.0008196935901982006,0.000030637944598025793,0,4.022073831797245,0.9763402379723629,0.9945387130097855,folds0-4
0.0,fold,thr,,,0.6,0.970189431712026,0.00009595769056924827,0.9700914856865,0.9674529329334369,0.9703511448890463,-0.0008205994530119832,0.000029154499756750285,0,12.0,0.9817015887028319,1.0,folds0-4
0.01,fold,thr,,,0.6,0.970189431712026,0.00009595769056924827,0.9700914856865,0.9674529329334369,0.9703511448890463,-0.0008205994530119832,0.000029154499756750285,0,4.648681974873087,0.9798009275578584,0.9980639054423914,folds0-4
0.03,none,thr,,,0.6,0.9701860746445515,0.00009728661188100581,0.9700874777246897,0.9674529329334369,0.9703475893285312,-0.0008239565204865463,0.000030468780577728716,0,4.022073831797245,0.9763402379723629,0.9945387130097855,folds0-4
0.0,none,thr,,,0.6,0.9701851687817376,0.00009551324634626234,0.9700878307785721,0.9674529329334369,0.9703466297171411,-0.0008248623833004398,0.000029022705331152792,0,12.0,0.9817015887028319,1.0,folds0-4
0.01,none,thr,,,0.6,0.9701851687817376,0.00009551324634626234,0.9700878307785721,0.9674529329334369,0.9703466297171411,-0.0008248623833004398,0.000029022705331152792,0,4.648681974873087,0.9798009275578584,0.9980639054423914,folds0-4
0.0,none,thr,,,0.75,0.9701548337479057,0.00008372970573693108,0.9700594694569916,0.9795267082668258,0.9696003415779462,-0.000855197417132425,0.00006325951659932759,0,12.0,0.9817015887028319,1.0,folds0-4
0.01,none,thr,,,0.75,0.9701548337479057,0.00008372970573693108,0.9700594694569916,0.9795267082668258,0.9696003415779462,-0.000855197417132425,0.00006325951659932759,0,4.648681974873087,0.9798009275578584,0.9980639054423914,folds0-4
0.03,none,thr,,,0.75,0.970154832041587,0.00008386998494044171,0.9700594694569916,0.9795267082668258,0.9696003397449907,-0.0008551991234510226,0.00006349496764164267,0,4.022073831797245,0.9763402379723629,0.9945387130097855,folds0-4
0.0,fold,thr,,,0.75,0.9701547521846683,0.00008380520737106738,0.9700591212644484,0.9795267082668258,0.9696002552102515,-0.0008552789803698113,0.0000633383401825794,0,12.0,0.9817015887028319,1.0,folds0-4
0.01,fold,thr,,,0.75,0.9701547521846683,0.00008380520737106738,0.9700591212644484,0.9795267082668258,0.9696002552102515,-0.0008552789803698113,0.0000633383401825794,0,4.648681974873087,0.9798009275578584,0.9980639054423914,folds0-4
0.03,fold,thr,,,0.75,0.9701547504783496,0.00008394531265095497,0.9700591212644484,0.9795267082668258,0.9696002533772962,-0.0008552806866884089,0.00006357343623676585,0,4.022073831797245,0.9763402379723629,0.9945387130097855,folds0-4
0.0,global,thr,,,0.75,0.970154673807093,0.00008354810853088218,0.9700603618987123,0.9795267082668258,0.9696001722113149,-0.0008553573579451745,0.00006203077348502846,0,12.0,0.9817015887028319,1.0,folds0-4
0.01,global,thr,,,0.75,0.970154673807093,0.00008354810853088218,0.9700603618987123,0.9795267082668258,0.9696001722113149,-0.0008553573579451745,0.00006203077348502846,0,4.648681974873087,0.9798009275578584,0.9980639054423914,folds0-4
0.03,global,thr,,,0.75,0.9701546721007743,0.00008368567414559656,0.9700603618987123,0.9795267082668258,0.9696001703783594,-0.0008553590642637499,0.00006226681460936715,0,4.022073831797245,0.9763402379723629,0.9945387130097855,folds0-4
0.03,global,thr,,,0.55,0.9696037403579443,0.00012091768935406859,0.9694422359115518,0.9625921561071962,0.9700182927767566,-0.001406290807093824,0.00005863726902464749,0,4.022073831797245,0.9763402379723629,0.9945387130097855,folds0-4
0.0,global,thr,,,0.55,0.9696017240155286,0.00011909653149750924,0.9694416326797645,0.9625921561071962,0.9700161571227881,-0.001408307149509569,0.000057076343767188496,0,12.0,0.9817015887028319,1.0,folds0-4
0.01,global,thr,,,0.55,0.9696017240155286,0.00011909653149750924,0.9694416326797645,0.9625921561071962,0.9700161571227881,-0.001408307149509569,0.000057076343767188496,0,4.648681974873087,0.9798009275578584,0.9980639054423914,folds0-4
0.03,fold,thr,,,0.55,0.9695506577383173,0.00011966048433874943,0.9693953538276332,0.9625515276489912,0.9699644690836344,-0.0014593734267207338,0.000059755886891800776,0,4.022073831797245,0.9763402379723629,0.9945387130097855,folds0-4
0.0,fold,thr,,,0.55,0.9695486413959016,0.00011780090511065879,0.9693947505958458,0.9625515276489912,0.9699623334296659,-0.001461389769136523,0.000058186521068743093,0,12.0,0.9817015887028319,1.0,folds0-4
0.01,fold,thr,,,0.55,0.9695486413959016,0.00011780090511065879,0.9693947505958458,0.9625515276489912,0.9699623334296659,-0.001461389769136523,0.000058186521068743093,0,4.648681974873087,0.9798009275578584,0.9980639054423914,folds0-4
0.03,none,thr,,,0.55,0.9695384302032919,0.00011945455154333834,0.9693841850283209,0.9625433730375583,0.9699519982160663,-0.0014716009617461666,0.00006012650938842071,0,4.022073831797245,0.9763402379723629,0.9945387130097855,folds0-4
0.0,none,thr,,,0.55,0.969536413860876,0.00011761621381427779,0.9693835817965335,0.9625433730375583,0.9699498625620977,-0.0014736173041620226,0.000058616247593682104,0,12.0,0.9817015887028319,1.0,folds0-4
0.01,none,thr,,,0.55,0.969536413860876,0.00011761621381427779,0.9693835817965335,0.9625433730375583,0.9699498625620977,-0.0014736173041620226,0.000058616247593682104,0,4.648681974873087,0.9798009275578584,0.9980639054423914,folds0-4
0.03,fold,thr,,,0.8,0.9693751888925991,0.00017629579806075163,0.9691873635595878,0.9831060026668552,0.9685629215214625,-0.0016348422724389744,0.00015127831715670227,0,4.022073831797245,0.9763402379723629,0.9945387130097855,folds0-4
0.0,fold,thr,,,0.8,0.969375140407565,0.00017621181608823896,0.9691875902808428,0.9831060026668552,0.9685628701839244,-0.0016348907574729842,0.00015116544645884353,0,12.0,0.9817015887028319,1.0,folds0-4
0.01,fold,thr,,,0.8,0.969375140407565,0.00017621181608823896,0.9691875902808428,0.9831060026668552,0.9685628701839244,-0.0016348907574729842,0.00015116544645884353,0,4.648681974873087,0.9798009275578584,0.9980639054423914,folds0-4
0.03,none,thr,,,0.8,0.9693751252940459,0.00017616798810016977,0.9691873635595878,0.9831060026668552,0.9685628541519635,-0.001634905870992176,0.0001511838087984905,0,4.022073831797245,0.9763402379723629,0.9945387130097855,folds0-4
0.0,none,thr,,,0.8,0.9693750768090119,0.00017608395401791355,0.9691875902808428,0.9831060026668552,0.9685628028144254,-0.0016349543560262082,0.00015107087780330802,0,12.0,0.9817015887028319,1.0,folds0-4
0.01,none,thr,,,0.8,0.9693750768090119,0.00017608395401791355,0.9691875902808428,0.9831060026668552,0.9685628028144254,-0.0016349543560262082,0.00015107087780330802,0,4.648681974873087,0.9798009275578584,0.9980639054423914,folds0-4
0.03,global,thr,,,0.8,0.9693745025964484,0.00017549046977336283,0.9691875667495252,0.9831060026668552,0.9685621945883879,-0.001635528568589595,0.00015031054074369642,0,4.022073831797245,0.9763402379723629,0.9945387130097855,folds0-4
0.0,global,thr,,,0.8,0.9693744541114144,0.0001754064855108762,0.9691877934707804,0.9831060026668552,0.9685621432508498,-0.0016355770536235382,0.00015019739039932647,0,12.0,0.9817015887028319,1.0,folds0-4
0.01,global,thr,,,0.8,0.9693744541114144,0.0001754064855108762,0.9691877934707804,0.9831060026668552,0.9685621432508498,-0.0016355770536235382,0.00015019739039932647,0,4.648681974873087,0.9798009275578584,0.9980639054423914,folds0-4
0.03,global,thr,,,0.5,0.9686137889311336,0.00014264173215119413,0.9684517098295736,0.9566516709985902,0.9693211018024822,-0.002396242233904511,0.00009143328332349335,0,4.022073831797245,0.9763402379723629,0.9945387130097855,folds0-4
0.01,global,thr,,,0.5,0.9686103082506522,0.0001410547626869464,0.9684497691257974,0.9566516709985902,0.9693174152813026,-0.002399722914385838,0.00009049507722575321,0,4.648681974873087,0.9798009275578584,0.9980639054423914,folds0-4
0.0,global,thr,,,0.5,0.9686102374048426,0.00014101730617860922,0.9684497691257974,0.9566516709985902,0.9693173402594997,-0.0023997937601954343,0.00009032864546369286,0,12.0,0.9817015887028319,1.0,folds0-4
0.03,fold,thr,,,0.5,0.9684545734486335,0.0001431869545872749,0.9683039781385928,0.9565218494785622,0.9691601464364543,-0.002555457716404641,0.00009387705890321649,0,4.022073831797245,0.9763402379723629,0.9945387130097855,folds0-4
0.01,fold,thr,,,0.5,0.9684511503097001,0.00014152756256937513,0.9683020374348165,0.9565218494785622,0.969156520868631,-0.0025588808553379085,0.0000927635990403056,0,4.648681974873087,0.9798009275578584,0.9980639054423914,folds0-4
0.0,fold,thr,,,0.5,0.9684510794638905,0.00014149588426166243,0.9683020374348165,0.9565218494785622,0.9691564458468281,-0.002558951701147483,0.00009260988190838105,0,12.0,0.9817015887028319,1.0,folds0-4
0.03,none,thr,,,0.5,0.9684164617784043,0.0001465271185475928,0.9682625990886917,0.9564812035991578,0.9691221802052855,-0.002593569386633643,0.00009914526532014349,0,4.022073831797245,0.9763402379723629,0.9945387130097855,folds0-4
0.01,none,thr,,,0.5,0.9684130386394711,0.00014498850129718635,0.9682606583849153,0.9564812035991578,0.9691185546374621,-0.0025969925255669548,0.0000982134857834312,0,4.648681974873087,0.9798009275578584,0.9980639054423914,folds0-4
0.0,none,thr,,,0.5,0.9684129677936616,0.00014494023133442178,0.9682606583849153,0.9564812035991578,0.9691184796156593,-0.002597063371376507,0.00009804266706185314,0,12.0,0.9817015887028319,1.0,folds0-4
