exp_id,timestamp,stage,description,tier,runtime_s,peak_rss_gb,pair_recall,cand_mean,cand_p95,macro_f05,micro_precision,micro_recall,f05_singletons,decision,notes
20260927_043056_block_exact_name_sorted,2026-09-27 04:30,blocking,exact key name_sorted,screen,0.5,4.23,0.46504,4.3917,17.0,,,,,,
20260927_043056_block_exact_name_skel,2026-09-27 04:30,blocking,exact key name_skel,screen,0.4,4.23,0.46578,4.90602,20.0,,,,,,
20260927_043057_block_exact_name_nospace,2026-09-27 04:30,blocking,exact key name_nospace,screen,0.9,4.23,0.46369,4.3164,17.0,,,,,,
20260927_043057_block_exact_addr_sorted,2026-09-27 04:30,blocking,exact key addr_sorted,screen,0.5,4.46,0.35932,1.5313,5.0,,,,,,
20260927_043058_block_exact_addr_nums_region,2026-09-27 04:31,blocking,exact key addr_nums_region,screen,4.9,4.52,0.36213,6.5441,34.0,,,,,,
20260927_052130_block_tfidf_name_char3_k5,2026-09-27 05:21,blocking,tfidf name_char3 top5,screen,0.1,5.4,0.45526,5.0,5.0,,,,,,
20260927_052131_block_tfidf_name_char3_k10,2026-09-27 05:21,blocking,tfidf name_char3 top10,screen,0.0,5.4,0.54564,10.0,10.0,,,,,,
20260927_052131_block_tfidf_name_char3_k20,2026-09-27 05:21,blocking,tfidf name_char3 top20,screen,0.0,5.4,0.6094,20.0,20.0,,,,,,
20260927_052131_block_tfidf_name_char3_k50,2026-09-27 05:21,blocking,tfidf name_char3 top50,screen,0.2,5.4,0.67774,50.0,50.0,,,,,,
20260927_052409_block_tfidf_nameaddr_word_k5,2026-09-27 05:24,blocking,tfidf nameaddr_word top5,screen,0.0,5.35,0.82927,5.0,5.0,,,,,,
20260927_052409_block_tfidf_nameaddr_word_k10,2026-09-27 05:24,blocking,tfidf nameaddr_word top10,screen,0.0,5.35,0.91853,10.0,10.0,,,,,,
20260927_052409_block_tfidf_nameaddr_word_k20,2026-09-27 05:24,blocking,tfidf nameaddr_word top20,screen,0.0,5.35,0.94031,20.0,20.0,,,,,,
20260927_052409_block_tfidf_nameaddr_word_k50,2026-09-27 05:24,blocking,tfidf nameaddr_word top50,screen,0.1,5.35,0.95727,50.0,50.0,,,,,,
20260927_060828_block_rev_nameaddr_word_r1_f0,2026-09-27 06:08,blocking,reverse top1 U forward top0 (nameaddr_word),screen,0.1,3.12,0.93734,4.67332,8.0,,,,,,
20260927_060829_block_rev_nameaddr_word_r1_f10,2026-09-27 06:08,blocking,reverse top1 U forward top10 (nameaddr_word),screen,0.0,3.12,0.96343,10.521,12.0,,,,,,
20260927_060830_block_rev_nameaddr_word_r1_f20,2026-09-27 06:08,blocking,reverse top1 U forward top20 (nameaddr_word),screen,0.1,3.12,0.96969,20.38702,22.0,,,,,,
20260927_060831_block_rev_nameaddr_word_r2_f0,2026-09-27 06:08,blocking,reverse top2 U forward top0 (nameaddr_word),screen,0.1,3.42,0.9527,9.30006,22.0,,,,,,
20260927_060832_block_rev_nameaddr_word_r2_f10,2026-09-27 06:08,blocking,reverse top2 U forward top10 (nameaddr_word),screen,0.1,3.42,0.96967,14.1232,25.0,,,,,,
20260927_060833_block_rev_nameaddr_word_r2_f20,2026-09-27 06:08,blocking,reverse top2 U forward top20 (nameaddr_word),screen,0.1,3.42,0.97447,23.24,32.0,,,,,,
20260927_060835_block_rev_nameaddr_word_r3_f0,2026-09-27 06:08,blocking,reverse top3 U forward top0 (nameaddr_word),screen,0.1,3.42,0.95981,13.9895,36.0,,,,,,
20260927_060837_block_rev_nameaddr_word_r3_f10,2026-09-27 06:08,blocking,reverse top3 U forward top10 (nameaddr_word),screen,0.1,3.78,0.97282,18.27092,38.0,,,,,,
20260927_060837_block_rev_nameaddr_word_r3_f20,2026-09-27 06:08,blocking,reverse top3 U forward top20 (nameaddr_word),screen,0.1,4.66,0.97691,26.755,44.0,,,,,,
20260927_060841_block_rev_nameaddr_word_r5_f0,2026-09-27 06:08,blocking,reverse top5 U forward top0 (nameaddr_word),screen,0.1,6.15,0.96686,23.50746,66.0,,,,,,
20260927_060844_block_rev_nameaddr_word_r5_f10,2026-09-27 06:08,blocking,reverse top5 U forward top10 (nameaddr_word),screen,0.2,7.05,0.97617,27.19182,67.0,,,,,,
20260927_060850_block_rev_nameaddr_word_r5_f20,2026-09-27 06:08,blocking,reverse top5 U forward top20 (nameaddr_word),screen,0.1,7.05,0.97953,34.77602,72.0,,,,,,
20260927_064326_block_rev_nameaddr_v3_r1,2026-09-27 06:43,blocking,reverse top1 nameaddr (norm v3),screen,0.0,0.02,0.9464,4.67,8,,,,,keep,"v3 norm (+domain segmentation, FR abbr) vs v1: r1 0.9373->0.9464"
20260927_064326_block_rev_nameaddr_v3_r2,2026-09-27 06:43,blocking,reverse top2 nameaddr (norm v3),screen,0.0,0.02,0.959,9.28,22,,,,,keep,"v3 norm (+domain segmentation, FR abbr) vs v1: r1 0.9373->0.9464"
20260927_064326_block_rev_nameaddr_v3_r3,2026-09-27 06:43,blocking,reverse top3 nameaddr (norm v3),screen,0.0,0.02,0.9648,13.95,36,,,,,keep,"v3 norm (+domain segmentation, FR abbr) vs v1: r1 0.9373->0.9464"
20260927_064326_block_rev_nameaddr_v3_r5,2026-09-27 06:43,blocking,reverse top5 nameaddr (norm v3),screen,0.0,0.02,0.9706,23.45,65,,,,,,"v3 norm (+domain segmentation, FR abbr) vs v1: r1 0.9373->0.9464"
20260927_085423_block_union_all,2026-09-27 08:54,blocking,union of all 7 blockers,screen,0.0,5.54,0.98562,60.5634,129.0,,,,,,
20260927_085423_block_union_minus_rev_nameaddr,2026-09-27 08:54,blocking,union without rev_nameaddr,screen,0.0,5.54,0.97669,50.50276,89.0,,,,,,
20260927_085423_block_union_minus_rev_addr,2026-09-27 08:54,blocking,union without rev_addr,screen,0.0,5.54,0.98527,55.0091,110.0,,,,,,
20260927_085423_block_union_minus_rev_name,2026-09-27 08:54,blocking,union without rev_name,screen,0.0,5.54,0.98536,53.8719,103.0,,,,,,
20260927_085423_block_union_minus_fwd_nameaddr,2026-09-27 08:54,blocking,union without fwd_nameaddr,screen,0.0,5.54,0.97733,42.63526,119.0,,,,,,
20260927_085423_block_union_minus_fwd_addr,2026-09-27 08:54,blocking,union without fwd_addr,screen,0.0,5.54,0.98515,57.61438,127.0,,,,,,
20260927_085423_block_union_minus_exact_name_sorted,2026-09-27 08:54,blocking,union without exact_name_sorted,screen,0.0,5.54,0.98552,59.91108,129.0,,,,,,
20260927_085423_block_union_minus_exact_addr_sorted,2026-09-27 08:54,blocking,union without exact_addr_sorted,screen,0.0,5.54,0.98562,60.55548,129.0,,,,,,
20260927_085442_block_pruned_top5,2026-09-27 08:54,blocking,union pruned to top5,screen,0.0,5.54,0.90564,5.0,5.0,,,,,,
20260927_085442_block_pruned_top8,2026-09-27 08:54,blocking,union pruned to top8,screen,0.0,5.54,0.97529,8.0,8.0,,,,,,
20260927_085442_block_pruned_top10,2026-09-27 08:54,blocking,union pruned to top10,screen,0.0,5.54,0.9802,10.0,10.0,,,,,,
20260927_085442_block_pruned_top12,2026-09-27 08:54,blocking,union pruned to top12,screen,0.0,5.54,0.98193,12.0,12.0,,,,,,
20260927_085442_block_pruned_top15,2026-09-27 08:54,blocking,union pruned to top15,screen,0.0,5.54,0.98338,15.0,15.0,,,,,,
20260927_085442_block_pruned_top20,2026-09-27 08:54,blocking,union pruned to top20,screen,0.0,5.54,0.98444,20.0,20.0,,,,,,
20260927_085442_block_pruned_top25,2026-09-27 08:54,blocking,union pruned to top25,screen,0.0,5.54,0.98502,25.0,25.0,,,,,,
20260927_085442_block_pruned_top30,2026-09-27 08:54,blocking,union pruned to top30,screen,0.0,5.54,0.98524,30.0,30.0,,,,,,
20260927_085442_block_pruned_top40,2026-09-27 08:54,blocking,union pruned to top40,screen,0.0,5.54,0.9854,38.57606,40.0,,,,,,
20260927_090014_block_final_v1_top12,2026-09-27 09:00,blocking,final candidate set (union pruned top12),fold0,0.3,6.3,0.98162,12.0,12.0,,,,,,
20260927_092251_matcher_v1,2026-09-27 09:22,matching,two-stage LightGBM + context features,fold0,0.1,9.17,,,,0.9669,0.9909,0.92886,0.93572,,
20260927_093021_matcher_s2_baseline_rerun,2026-09-27 09:30,matching,stage-2 experiment s2_baseline_rerun,fold0,0.7,7.65,,,,0.96721,,,0.95977,,
20260927_093441_matcher_s2_n300000_set,2026-09-27 09:34,matching,stage-2 experiment s2_n300000_set,fold0,0.8,7.82,,,,0.96846,,,0.96551,,
20260927_095053_matcher_s2_n900000_set,2026-09-27 09:50,matching,stage-2 experiment s2_n900000_set,fold0,0.5,7.01,,,,0.96952,,,0.96774,,
20260927_101915_matcher_s2_n300000_set_sib,2026-09-27 10:19,matching,stage-2 experiment s2_n300000_set_sib,fold0,0.8,7.1,,,,0.97021,,,0.96535,,
20260927_115906_matcher_v2,2026-09-27 11:59,matching,two-stage LightGBM + context features,fold0,0.1,9.66,,,,0.97207,0.9924,0.94171,0.95887,,
